Número da contratação;Status da contratação;Situação da Execução;Título da contratação;Categoria da contratação;UASG Atual;Valor total da contratação;Data estimada para o início do processo de contratação;Data estimada para a conclusão do processo de contratação;Prazo estimado de duração do processo de contratação (dias);Área requisitante;Nº DFD;Prioridade;Nº do Item no DFD;Data da conclusão da Contratação no DFD;Classificação da Contratação;Código Classe/Grupo;Nome Classe/Grupo;Código PDM material;Nome do PDM material;Código material/serviço;Descrição material/serviço;Unidade Fornecimento;Valor Unitário;Quantidade;Valor Total
"86/2026";Aprovada;;"Caderneta Gestante";SERVICOS;250110;8.853.092,8200;03/07/2026;30/12/2026;180;"SAPS.DGCI.CGESMU";"226/2025";"Alto";1;31/12/2026;Serviço;891;Serviços De Reprodução, Publicação E Impressão;"";"";17353;"Serviço gráfico - policromia";"";2,8600;3.095.487,00000;8.853.092,8200
"56/2026";Aprovada;;"Serviço em  ações de desenvolvimento relacionadas ao Tema Gestão Pública";SERVICOS;250110;45.000,0000;03/07/2026;30/12/2026;180;"SAA.COGEP.CODEP";"99/2025";"Baixo";1;31/12/2026;Serviço;929;Outros serviços de educação e treinamento;"";"";21172;"Treinamento qualificação profissional";"";3.000,0000;15,00000;45.000,0000
"58/2026";Aprovada;;"Serviço em ações de desenvolvimento relacionadas ao Tema Ética e Combate à Corrupção, ";SERVICOS;250110;24.000,0000;03/07/2026;30/12/2026;180;"SAA.COGEP.CODEP";"97/2025";"Baixo";1;31/12/2026;Serviço;929;Outros serviços de educação e treinamento;"";"";21172;"Treinamento qualificação profissional";"";3.000,0000;8,00000;24.000,0000
"73/2026";Aprovada;;"Serviço  de copeiragem, garçonaria e encarregado-geral";SERVICOS;250110;5.500.008,0000;04/06/2026;01/12/2026;180;"SAA.CGSA";"129/2025";"Baixo";1;01/12/2026;Serviço;859;OUTROS SERVIÇOS DE SUPORTE;"";"";14397;"PRESTAÇÃO DE SERVIÇOS DE COPEIRAGEM";"";458.334,0000;12,00000;5.500.008,0000
"63/2026";Aprovada;;"Serviço em ações de desenvolvimento relacionadas ao Tema Auditoria";SERVICOS;250110;120.000,0000;03/07/2026;30/12/2026;180;"SAA.COGEP.CODEP";"92/2025";"Baixo";1;31/12/2026;Serviço;929;Outros serviços de educação e treinamento;"";"";21172;"Treinamento qualificação profissional";"";3.000,0000;40,00000;120.000,0000
"64/2026";Aprovada;;"Serviço em ações de desenvolvimento relacionadas ao Tema Atendimento ao Público, ";SERVICOS;250110;36.000,0000;03/07/2026;30/12/2026;180;"SAA.COGEP.CODEP";"91/2025";"Baixo";1;31/12/2026;Serviço;929;Outros serviços de educação e treinamento;"";"";21172;"Treinamento qualificação profissional";"";3.000,0000;12,00000;36.000,0000
"67/2026";Aprovada;;"Serviço  de manutenção de arquivos fixos, giratórios ou móveis";SERVICOS;250110;300.000,0000;03/07/2026;30/12/2026;180;"SAA.CGDI.CODINF";"216/2025";"Baixo";1;31/12/2026;Serviço;871;Serviços De Manutenção E Reparo De Produtos Fabricados De Metal,Maquinaria E Equipamentos;"";"";5444;"Manutenção de Arquivos Fixos, Giratórios ou Móveis";"";300.000,0000;1,00000;300.000,0000
"69/2026";Aprovada;;"Serviço de Locação de bebedouro Insdustrial) com manutenção preventiva e corretiva bloco O";SERVICOS;250110;132.000,0000;02/01/2026;01/07/2026;180;"SAA.CGSA";"146/2025";"Baixo";1;01/07/2026;Serviço;871;Serviços De Manutenção E Reparo De Produtos Fabricados De Metal,Maquinaria E Equipamentos;"";"";4405;"Locação / Manutenção de Equipamentos Permanentes";"";6.600,0000;20,00000;132.000,0000
"10/2026";Aprovada;;"Aquisição VÁLVULA REGULADORA DE VAZÃO E PRESSÃO PARA PULVERIZADOR DE JATO PLANO - 1,5 BAR";BENS;250110;7.062.000,0000;04/08/2025;30/01/2026;179;"SVS.DEDT.CEMA";"167/2025";"Médio";1;30/01/2026;Material;4810;Válvulas acionadas por força motriz;"13285";"Valvula Reguladora De Vazao";615447;"aplicação: inseticida, diâmetro: 11/16, material: plástico, tipo: reguladora, uso: pulverizador";"UN";150,0000;47.080,00000;7.062.000,0000
"4/2026";Aprovada;;"Aquisição de 20 (vinte) containeres de lixo de aço - 1.200L, com rodízios.";BENS;250110;120.000,0000;03/12/2025;01/06/2026;180;"SAA.CGSA";"139/2025";"Baixo";1;01/06/2026;Material;8145;RECIPIENTES ESPECIALIZADOS PARA TRANSPORTE E ARMAZENAGEM;"5792";"CONTAINER";485403;"APLICAÇÃO: RESÍDUOS SÓLIDOS, CAPACIDADE: 1.200, CARACTERÍSTICAS ADICIONAIS: MUNHÕES DE AÇO MACIÇOS, TAMPA BI-PARTIDA, RODÍZIOS, DIMENSÕES: 1,955 X 1,180 X 0,900, MATERIAL: CHAPA DE AÇO Nº 14, TIPO: CÂMARA DE LIXO";"UN";6.000,0000;20,00000;120.000,0000
"3/2026";Aprovada;;"Aquisição Balança de precisão digital para atender a demanda da area de expedição no bloco "O" ";BENS;250110;2.500,0000;03/10/2025;01/04/2026;180;"SAA.CGSA";"153/2025";"Baixo";1;01/04/2026;Material;6670;Escalas e balanças;"489";"Balança Precisão";605695;"capacidade máxima: 3.200, características adicionais: analítica, prato: 170 x 180 mm, resolução: 0,01, tipo painel: display analógico";"UN";2.500,0000;1,00000;2.500,0000
"14/2026";Aprovada;;"Armadilha Luminosa do tipo CDC";BENS;250110;780.000,0000;02/02/2026;31/07/2026;179;"SVS.DEDT.CGZV";"137/2025";"Médio";1;31/07/2026;Material;3740;Equipamento para controle de pragas, doenças e geadas;"3002";"Armadilha Animal";399500;"características adicionais: rotação anti-horário, suporte aço inox, tampa pro, componentes: luz incadescente, motor 6 volts, hélice 4 pás, ven, material: plástico resistente, tipo: luminosa cdc";"UN";780,0000;1.000,00000;780.000,0000
"17/2026";Aprovada;;"Aquisição ARMADILHA ANIMAL TIPO ENTOMOLÓGICA,ASPIRADOR ELÉTRICO";BENS;250110;100.000,0000;02/02/2026;31/07/2026;179;"SVS.DEDT.CGZV";"127/2025";"Médio";1;31/07/2026;Material;3740;EQUIPAMENTO PARA CONTROLE DE PRAGAS, DOENÇAS E GEADAS;"3002";"ARMADILHA ANIMAL";401272;"CARACTERÍSTICAS ADICIONAIS: CORPO PVC 4",TUBO PVC 3",ARO PVC TAMPA TIPO FUNIL, COMPONENTES: TUBO PVC, TELA MALHA FINA, BATERIA 12V, MATERIAL: PVC, TELA MALHA FINA, TIPO: ENTOMOLÓGICA, ASPIRADOR ELÉTRICO";"UN";250,0000;400,00000;100.000,0000
"19/2026";Aprovada;;"Aquisição de Eletrodomésticos para atendimento da demanda do Ministério da Saúde";BENS;250110;829.740,0000;02/01/2026;01/07/2026;180;"SAA.CGINFRA";"77/2025";"Médio";1;01/07/2026;Material;7730;Fonógrafos, rádios e televisores de tipo doméstico;"12609";"Televisor";460902;"acessórios: controle remoto, características adicionais: smart tv, 4 k, wifi. entradas hdmi/usb, conversor, tamanho tela: 85, tipo tela: led, voltagem: 110/220";"UN";8.600,0000;20,00000;172.000,0000
"19/2026";Aprovada;;"Aquisição de Eletrodomésticos para atendimento da demanda do Ministério da Saúde";BENS;250110;829.740,0000;02/01/2026;01/07/2026;180;"SAA.CGINFRA";"77/2025";"Médio";2;01/07/2026;Material;4130;Componentes de equipamentos para refrigeração e ar  condicionado;"13144";"Umidificador E Purificador Ambiente";610798;"capacidade: 5, características adicionais: controle de intensidade e direção de névoa, material: plástico, potência: 25, voltagem: 220";"UN";212,0000;300,00000;63.600,0000
"19/2026";Aprovada;;"Aquisição de Eletrodomésticos para atendimento da demanda do Ministério da Saúde";BENS;250110;829.740,0000;02/01/2026;01/07/2026;180;"SAA.CGINFRA";"77/2025";"Médio";3;01/07/2026;Material;4110;Equipamento para refrigeração;"784";"Frigobar";431266;"capacidade: 120, características adicionais: prateleiras removíveis/gavetas/etiqueta "a', tensão alimentação: 110/220";"UN";1.618,0000;50,00000;80.900,0000
"19/2026";Aprovada;;"Aquisição de Eletrodomésticos para atendimento da demanda do Ministério da Saúde";BENS;250110;829.740,0000;02/01/2026;01/07/2026;180;"SAA.CGINFRA";"77/2025";"Médio";4;01/07/2026;Material;5965;Fones, Microfones E Alto-Falantes;"9732";"Microfone";480211;"acessórios: cabo de no mínimo 1,5m, aplicação: videoconferência, características adicionais: conector usb, plug and play, padrão: omnidirecional, resposta freqüência: 60 hz - 17, tipo: de mesa";"UN";1.100,0000;30,00000;33.000,0000
"19/2026";Aprovada;;"Aquisição de Eletrodomésticos para atendimento da demanda do Ministério da Saúde";BENS;250110;829.740,0000;02/01/2026;01/07/2026;180;"SAA.CGINFRA";"77/2025";"Médio";5;01/07/2026;Material;5965;Fones, Microfones E Alto-Falantes;"9732";"Microfone";612281;"alcance: 200, alimentação: bateria aa, características adicionais: display lcd, distorção harmônica total: <0,1%, impedância: 50, padrão: cardióide, referência fabricante: ulxd2/sm58, resposta freqüência: 30 hz a 20, sensibilidade: ? 98, tipo: de mão sem fio";"EMB";537,0000;20,00000;10.740,0000
"19/2026";Aprovada;;"Aquisição de Eletrodomésticos para atendimento da demanda do Ministério da Saúde";BENS;250110;829.740,0000;02/01/2026;01/07/2026;180;"SAA.CGINFRA";"77/2025";"Médio";6;01/07/2026;Material;5965;Fones, microfones e alto-falantes;"9732";"Microfone";611519;"acessórios: 1 receptor e 2 transmissores, alcance: 200, alimentação: bateria, padrão: omnidirecional, resposta freqüência: 50hz a 20, tipo: de lapela";"EMB";400,0000;20,00000;8.000,0000
"19/2026";Aprovada;;"Aquisição de Eletrodomésticos para atendimento da demanda do Ministério da Saúde";BENS;250110;829.740,0000;02/01/2026;01/07/2026;180;"SAA.CGINFRA";"77/2025";"Médio";7;01/07/2026;Material;7310;Equipamentos para cozinhar, assar e servir alimentos;"1045";"Forno Microondas";445383;"capacidade: 30, características adicionais: com prato giratório e função grill, funções: grill, dourador e tostador, material: aço inoxidável, voltagem: 220";"UN";600,0000;50,00000;30.000,0000
"19/2026";Aprovada;;"Aquisição de Eletrodomésticos para atendimento da demanda do Ministério da Saúde";BENS;250110;829.740,0000;02/01/2026;01/07/2026;180;"SAA.CGINFRA";"77/2025";"Médio";8;01/07/2026;Material;7310;Equipamentos Para Cozinhar, Assar E Servir Alimentos;"1069";"Cafeteira Elétrica";423372;"capacidade: 10, características adicionais: com 2 depósitos, material: aço inoxidável, voltagem: 110/220";"UN";2.000,0000;30,00000;60.000,0000
"19/2026";Aprovada;;"Aquisição de Eletrodomésticos para atendimento da demanda do Ministério da Saúde";BENS;250110;829.740,0000;02/01/2026;01/07/2026;180;"SAA.CGINFRA";"77/2025";"Médio";9;01/07/2026;Material;4110;Equipamento para refrigeração;"3492";"Bebedouro Água Garrafão";402920;"capacidade: 20, características adicionais: baixo consumo energia,termostato regulável,inmetro, material: plástico abs e chapa aço inoxidável, tipo: elétrico de coluna, voltagem: 220";"UN";800,0000;40,00000;32.000,0000
"19/2026";Aprovada;;"Aquisição de Eletrodomésticos para atendimento da demanda do Ministério da Saúde";BENS;250110;829.740,0000;02/01/2026;01/07/2026;180;"SAA.CGINFRA";"77/2025";"Médio";10;01/07/2026;Material;4110;Equipamento para refrigeração;"785";"Refrigerador Duplex";621444;"capacidade refrigeração: 400, características adicionais: prateleiras removíveis, gavetas, etiqueta "a", cor: branca, sistema degelo: frost free, tensão alimentação: 127/220, tipo portas: reversíveis";"UN";3.500,0000;40,00000;140.000,0000
"19/2026";Aprovada;;"Aquisição de Eletrodomésticos para atendimento da demanda do Ministério da Saúde";BENS;250110;829.740,0000;02/01/2026;01/07/2026;180;"SAA.CGINFRA";"77/2025";"Médio";11;01/07/2026;Material;7310;Equipamentos para cozinhar, assar e servir alimentos;"4586";"Carrinho Distribuição";617390;"altura: 97, aplicação: transporte chá e café, características adicionais: com alça de apoio e portas, comprimento: 1,07, largura: 54, material bandeja: polipropileno e alumínio, material estrutura: polipropileno e alumínio, tipo: 3 bandejas";"UN";500,0000;30,00000;15.000,0000
"19/2026";Aprovada;;"Aquisição de Eletrodomésticos para atendimento da demanda do Ministério da Saúde";BENS;250110;829.740,0000;02/01/2026;01/07/2026;180;"SAA.CGINFRA";"77/2025";"Médio";12;01/07/2026;Material;7730;Fonógrafos, Rádios E Televisores De Tipo Doméstico;"12609";"Televisor";458905;"acessórios: controle remoto, características adicionais: smart tv, 4 k, wifi. entradas hdmi/usb, conversor, tamanho tela: 65, tipo tela: led, voltagem: 110/220";"UN";4.100,0000;45,00000;184.500,0000
"24/2026";Aprovada;;"Aquisição de mobiliários destinados para atender as demandas de restruturação das unidades do MS";BENS;250110;4.115.419,0000;04/03/2026;31/08/2026;180;"SAA.CGINFRA";"107/2025";"Médio";1;31/08/2026;Material;7195;Mobiliários diversos e acessórios;"14785";"Estação Trabalho";603014;"altura: 85, características adicionais: calha e caixa de tomada, com 03 pontos (2p+t) e 02, componentes: mesa 1 lugar, tampo frontal, comprimento: 140, espessura tampo: 25, largura: 70, material perfil: madeira mdf, revestimento: laminado melamínico de baixa pressão, tipo: plataforma";"UN";850,0000;300,00000;255.000,0000
"24/2026";Aprovada;;"Aquisição de mobiliários destinados para atender as demandas de restruturação das unidades do MS";BENS;250110;4.115.419,0000;04/03/2026;31/08/2026;180;"SAA.CGINFRA";"107/2025";"Médio";2;31/08/2026;Material;7195;Mobiliários diversos e acessórios;"14785";"Estação Trabalho";603018;"altura: 850, características adicionais: calha e caixa de tomada, com 06 pontos (2p+t) e 04, componentes: mesa 2 lugares, tampo frontal, comprimento: 1400, espessura tampo: 25, largura: 1400, material perfil: madeira mdf, revestimento: laminado melamínico de baixa pressão, tipo: plataforma";"UN";1.250,0000;350,00000;437.500,0000
"24/2026";Aprovada;;"Aquisição de mobiliários destinados para atender as demandas de restruturação das unidades do MS";BENS;250110;4.115.419,0000;04/03/2026;31/08/2026;180;"SAA.CGINFRA";"107/2025";"Médio";3;31/08/2026;Material;7195;Mobiliários diversos e acessórios;"14785";"Estação Trabalho";603017;"altura: 850, características adicionais: calha e caixa de tomada, com 12 pontos (2p+t) e 08, componentes: mesa 4 lugares, tampo frontal, comprimento: 2800, espessura tampo: 25, largura: 1400, material perfil: madeira mdf, revestimento: laminado melamínico de baixa pressão, tipo: plataforma";"UN";2.400,0000;230,00000;552.000,0000
"24/2026";Aprovada;;"Aquisição de mobiliários destinados para atender as demandas de restruturação das unidades do MS";BENS;250110;4.115.419,0000;04/03/2026;31/08/2026;180;"SAA.CGINFRA";"107/2025";"Médio";4;31/08/2026;Material;7195;Mobiliários diversos e acessórios;"14785";"Estação Trabalho";603020;"altura: 850, características adicionais: calha e caixa de tomada, com 18 pontos (2p+t) e 12, componentes: mesa 6 lugares, tampo frontal, comprimento: 4200, espessura tampo: 25, largura: 1400, material perfil: madeira mdf, revestimento: laminado melamínico de baixa pressão, tipo: plataforma";"UN";3.480,0000;200,00000;696.000,0000
"24/2026";Aprovada;;"Aquisição de mobiliários destinados para atender as demandas de restruturação das unidades do MS";BENS;250110;4.115.419,0000;04/03/2026;31/08/2026;180;"SAA.CGINFRA";"107/2025";"Médio";5;31/08/2026;Material;7110;Mobiliário Para Escritório;"13596";"Conjunto Mesas Escritório";603773;"altura: 0,85, características adicionais: calha e caixa de tomada, comprimento mesa auxiliar: 1,80, comprimento mesa principal: 1,80, espessura tampo: 25, formato: em "l", largura mesa auxiliar: 1,60, largura mesa principal: 1,60, material: madeira mdf, revestimento: laminado melamínico de baixa pressão";"UN";1.050,0000;50,00000;52.500,0000
"24/2026";Aprovada;;"Aquisição de mobiliários destinados para atender as demandas de restruturação das unidades do MS";BENS;250110;4.115.419,0000;04/03/2026;31/08/2026;180;"SAA.CGINFRA";"107/2025";"Médio";6;31/08/2026;Material;7110;Mobiliário Para Escritório;"13596";"Conjunto Mesas Escritório";603772;"altura: 0,85, características adicionais: calha e caixa de tomada, comprimento mesa auxiliar: 1,80, comprimento mesa principal: 1,80, espessura tampo: 25, formato: em "l" com península, largura mesa auxiliar: 0,70, largura mesa principal: 0,70, material: madeira mdf, revestimento: laminado melamínico de baixa pressão";"UN";1.200,0000;30,00000;36.000,0000
"24/2026";Aprovada;;"Aquisição de mobiliários destinados para atender as demandas de restruturação das unidades do MS";BENS;250110;4.115.419,0000;04/03/2026;31/08/2026;180;"SAA.CGINFRA";"107/2025";"Médio";7;31/08/2026;Material;7110;Mobiliário Para Escritório;"13596";"Conjunto Mesas Escritório";603770;"altura: 0,85, características adicionais: calha e caixa de tomada, comprimento mesa auxiliar: 1,60, comprimento mesa principal: 1,60, espessura tampo: 25, formato: em "l", largura mesa auxiliar: 0,70, largura mesa principal: 0,70, material: madeira mdf, revestimento: laminado melamínico de baixa pressão";"UN";1.000,0000;50,00000;50.000,0000
"24/2026";Aprovada;;"Aquisição de mobiliários destinados para atender as demandas de restruturação das unidades do MS";BENS;250110;4.115.419,0000;04/03/2026;31/08/2026;180;"SAA.CGINFRA";"107/2025";"Médio";8;31/08/2026;Material;7195;Mobiliários diversos e acessórios;"14785";"Estação Trabalho";603771;"altura: 850, características adicionais: calha e caixa de tomada, componentes: 01 mesa, península formato gota e armário compleme, comprimento: 2400, espessura tampo: 25, estrutura: mdf, largura: 600, revestimento: laminado melamínico de baixa pressão, tipo: multifuncional em "u", tipo tampo: madeira mdf";"UN";2.510,0000;6,00000;15.060,0000
"24/2026";Aprovada;;"Aquisição de mobiliários destinados para atender as demandas de restruturação das unidades do MS";BENS;250110;4.115.419,0000;04/03/2026;31/08/2026;180;"SAA.CGINFRA";"107/2025";"Médio";9;31/08/2026;Material;7110;MOBILIÁRIO PARA ESCRITÓRIO;"336";"GAVETEIRO MÓVEL";603769;"ALTURA: 650, CARACTERÍSTICAS ADICIONAIS: COM FECHADURA E CORREDIÇAS METÁLICAS, ESPESSURA TAMPO: 18, LARGURA: 310, MATERIAL: MADEIRA MDP, PROFUNDIDADE: 500, QUANTIDADE GAVETAS: 4, TIPO REVESTIMENTO: LAMINADO MELAMÍNICO";"UN";470,0000;1.546,00000;726.620,0000
"24/2026";Aprovada;;"Aquisição de mobiliários destinados para atender as demandas de restruturação das unidades do MS";BENS;250110;4.115.419,0000;04/03/2026;31/08/2026;180;"SAA.CGINFRA";"107/2025";"Médio";10;31/08/2026;Material;7125;Armários E Estantes;"15290";"Armário";603768;"altura: 0,85, características adicionais: fechadura frontal, espessura: 25, largura: 0,70, material: mdp, profundidade: 0,50, quantidade portas: 4, quantidade prateleiras: 1 regulável, revestimento: laminado melamínico baixa pressão, tipo: baixo, tipo portas: com fechadura";"UN";570,0000;250,00000;142.500,0000
"24/2026";Aprovada;;"Aquisição de mobiliários destinados para atender as demandas de restruturação das unidades do MS";BENS;250110;4.115.419,0000;04/03/2026;31/08/2026;180;"SAA.CGINFRA";"107/2025";"Médio";11;31/08/2026;Material;7125;Armários E Estantes;"15290";"Armário";603767;"altura: 0,85, características adicionais: fechadura frontal, espessura: 25, largura: 0,70, material: mdp, profundidade: 0,50, quantidade portas: 4, revestimento: laminado melamínico baixa pressão, tipo: baixo, tipo portas: com fechadura";"UN";670,0000;100,00000;67.000,0000
"24/2026";Aprovada;;"Aquisição de mobiliários destinados para atender as demandas de restruturação das unidades do MS";BENS;250110;4.115.419,0000;04/03/2026;31/08/2026;180;"SAA.CGINFRA";"107/2025";"Médio";12;31/08/2026;Material;7125;Armários E Estantes;"15290";"Armário";603765;"altura: 1,0, características adicionais: fechadura frontal, espessura: 25, largura: 0,80, material: mdp, profundidade: 0,50, quantidade portas: 2, quantidade prateleiras: 02 internas reguláveis, revestimento: laminado melamínico baixa pressão, tipo: médio, tipo portas: com fechadura";"UN";870,0000;100,00000;87.000,0000
"24/2026";Aprovada;;"Aquisição de mobiliários destinados para atender as demandas de restruturação das unidades do MS";BENS;250110;4.115.419,0000;04/03/2026;31/08/2026;180;"SAA.CGINFRA";"107/2025";"Médio";13;31/08/2026;Material;7125;Armários E Estantes;"15290";"Armário";603764;"altura: 1,60, características adicionais: fechadura frontal, espessura: 25, largura: 0,80, material: mdp, profundidade: 0,50, quantidade portas: 2, quantidade prateleiras: 3 internas reguláveis, revestimento: laminado melamínico baixa pressão, tipo: alto, tipo portas: com fechadura";"UN";930,0000;250,00000;232.500,0000
"24/2026";Aprovada;;"Aquisição de mobiliários destinados para atender as demandas de restruturação das unidades do MS";BENS;250110;4.115.419,0000;04/03/2026;31/08/2026;180;"SAA.CGINFRA";"107/2025";"Médio";14;31/08/2026;Material;7110;Mobiliário para escritório;"17803";"Mesa Canto";603336;"altura: 850, comprimento: 1.400, formato: quadrado, largura: 1.400, material estrutura: mdp, material tampo: mdp, revestimento: laminado melamínico de baixa pressão";"UN";970,0000;40,00000;38.800,0000
"24/2026";Aprovada;;"Aquisição de mobiliários destinados para atender as demandas de restruturação das unidades do MS";BENS;250110;4.115.419,0000;04/03/2026;31/08/2026;180;"SAA.CGINFRA";"107/2025";"Médio";15;31/08/2026;Material;7110;Mobiliário Para Escritório;"341";"Mesa Reunião Quadrada";603763;"acabamento superficial: laminado melamínico de baixa pressão, altura: 850, comprimento: 1.200, largura: 1.200, material: mdp";"UN";1.030,0000;20,00000;20.600,0000
"24/2026";Aprovada;;"Aquisição de mobiliários destinados para atender as demandas de restruturação das unidades do MS";BENS;250110;4.115.419,0000;04/03/2026;31/08/2026;180;"SAA.CGINFRA";"107/2025";"Médio";16;31/08/2026;Material;7110;Mobiliário para escritório;"9660";"Mesa Reunião Retangular";603762;"altura: 850, características adicionais: caixa de tomada, comprimento: 2.200, espessura tampo: 25, largura: 1.200, material: madeira mdp, revestimento: laminado melamínico baixa pressão";"UN";1.195,0000;20,00000;23.900,0000
"24/2026";Aprovada;;"Aquisição de mobiliários destinados para atender as demandas de restruturação das unidades do MS";BENS;250110;4.115.419,0000;04/03/2026;31/08/2026;180;"SAA.CGINFRA";"107/2025";"Médio";17;31/08/2026;Material;7110;Mobiliário para escritório;"9660";"Mesa Reunião Retangular";603761;"altura: 850, características adicionais: caixa de tomada, comprimento: 3.200, espessura tampo: 25, largura: 1.200, material: madeira mdp, revestimento: laminado melamínico baixa pressão";"UN";1.400,0000;20,00000;28.000,0000
"24/2026";Aprovada;;"Aquisição de mobiliários destinados para atender as demandas de restruturação das unidades do MS";BENS;250110;4.115.419,0000;04/03/2026;31/08/2026;180;"SAA.CGINFRA";"107/2025";"Médio";18;31/08/2026;Material;7110;Mobiliário para escritório;"9660";"Mesa Reunião Retangular";603760;"altura: 850, características adicionais: caixa de tomada, comprimento: 4.800, espessura tampo: 25, largura: 1.200, material: madeira mdp, revestimento: laminado melamínico baixa pressão";"UN";2.300,0000;15,00000;34.500,0000
"24/2026";Aprovada;;"Aquisição de mobiliários destinados para atender as demandas de restruturação das unidades do MS";BENS;250110;4.115.419,0000;04/03/2026;31/08/2026;180;"SAA.CGINFRA";"107/2025";"Médio";19;31/08/2026;Material;7195;Mobiliários diversos e acessórios;"9611";"Mesa";603758;"altura: 850, características adicionais: pernas madeira sólida, sapatas metálicas regulávei, comprimento: 800, largura: 1.600, material: mdf";"UN";1.800,0000;60,00000;108.000,0000
"24/2026";Aprovada;;"Aquisição de mobiliários destinados para atender as demandas de restruturação das unidades do MS";BENS;250110;4.115.419,0000;04/03/2026;31/08/2026;180;"SAA.CGINFRA";"107/2025";"Médio";20;31/08/2026;Material;7105;Mobiliário doméstico;"12177";"Sofá";603756;"altura: 45, características adicionais: módulo de centro reto, largura: 60, material estofamento: espuma injetada, material estrutura: aço, profundidade: 52, quantidade assentos: 1, quantidade módulos: 1, revestimento: tecido poliéster";"UN";900,0000;140,00000;126.000,0000
"24/2026";Aprovada;;"Aquisição de mobiliários destinados para atender as demandas de restruturação das unidades do MS";BENS;250110;4.115.419,0000;04/03/2026;31/08/2026;180;"SAA.CGINFRA";"107/2025";"Médio";21;31/08/2026;Material;7105;Mobiliário doméstico;"12177";"Sofá";603755;"altura: 45, características adicionais: módulo canto reto, largura: 60, material estofamento: espuma injetada, material estrutura: aço, profundidade: 52, quantidade assentos: 1, quantidade módulos: 1, revestimento: tecido poliéster";"UN";1.150,0000;200,00000;230.000,0000
"24/2026";Aprovada;;"Aquisição de mobiliários destinados para atender as demandas de restruturação das unidades do MS";BENS;250110;4.115.419,0000;04/03/2026;31/08/2026;180;"SAA.CGINFRA";"107/2025";"Médio";22;31/08/2026;Material;7105;Mobiliário doméstico;"15327";"Banco";603753;"altura: 45, largura: 60, material: aço inox tubular, profundidade: 52, tipo assento: estofado com espuma injetada";"UN";650,0000;100,00000;65.000,0000
"24/2026";Aprovada;;"Aquisição de mobiliários destinados para atender as demandas de restruturação das unidades do MS";BENS;250110;4.115.419,0000;04/03/2026;31/08/2026;180;"SAA.CGINFRA";"107/2025";"Médio";23;31/08/2026;Material;7110;Mobiliário para escritório;"17803";"Mesa Canto";603337;"altura: 450, comprimento: 600, formato: quadrado, largura: 600, material estrutura: mdp, material tampo: mdp, revestimento: laminado melamínico de baixa pressão";"UN";1.005,0000;50,00000;50.250,0000
"24/2026";Aprovada;;"Aquisição de mobiliários destinados para atender as demandas de restruturação das unidades do MS";BENS;250110;4.115.419,0000;04/03/2026;31/08/2026;180;"SAA.CGINFRA";"107/2025";"Médio";24;31/08/2026;Material;7110;Mobiliário Para Escritório;"14397";"Mesa Centro";603338;"altura: 450, comprimento: 1.200, formato: retangular, largura: 600, material estrutura: metal tubular aço sae 1020, material tampo: mdp, revestimento: laminado melamínico baixa pressão";"UN";1.507,0000;27,00000;40.689,0000
"26/2026";Aprovada;;"Aquisição de mobiliário para atender as demandas do Ministério da Saúde ";BENS;250110;3.114.240,0000;02/02/2026;31/07/2026;179;"SAA.CGINFRA";"78/2025";"Médio";1;01/08/2026;Material;7110;MOBILIÁRIO PARA ESCRITÓRIO;"313";"CADEIRA ESCRITÓRIO";625040;"APOIO BRAÇO: COM BRAÇOS REGULÁVEIS, CARACTERÍSTICAS ADICIONAIS: ENCOSTO DE CABEÇA E SUPORTE LOMBAR, COR: PRETA, DIMENSÕES ASSENTO: 450 X 490, DIMENSÕES ENCOSTO: 450 X 560, MATERIAL ASSENTO: COMPENSADO/ESPUMA INJETADA, MATERIAL ENCOSTO: POLIPROPILENO TELADO, MATERIAL ESTRUTURA: RESINA TERMOPLÁSTICA INJETADA, MATERIAL REVESTIMENTO ASSENTO E ENCOSTO: COURO ECOLÓGICO/TECIDO SINTÉTICO, QUANTIDADE PÉS: 5, TIPO BASE: GIRATÓRIA COM 5 RODÍZIOS DUPLOS, TIPO ENCOSTO: ESPALDAR ALTO C/ APOIO DE CABEÇA";"UN";1.690,0000;200,00000;338.000,0000
"26/2026";Aprovada;;"Aquisição de mobiliário para atender as demandas do Ministério da Saúde ";BENS;250110;3.114.240,0000;02/02/2026;31/07/2026;179;"SAA.CGINFRA";"78/2025";"Médio";2;01/08/2026;Material;7110;MOBILIÁRIO PARA ESCRITÓRIO;"313";"CADEIRA ESCRITÓRIO";623640;"APOIO BRAÇO: COM BRAÇOS REGULÁVEIS EM FORMA DE "T", CARACTERÍSTICAS ADICIONAIS: COM RODÍZIOS DUPLOS DE NÁILON E 5 PÉS, COR: PRETA, MATERIAL ASSENTO: POLIPROPILENO / ESPUMA POLIURETANO INJETADA, MATERIAL ENCOSTO: POLIPROPILENO / ESPUMA POLIURETANO INJETADA, MATERIAL ESTRUTURA: AÇO SAE 1020, MATERIAL REVESTIMENTO ASSENTO E ENCOSTO: TECIDO SINTÉTICO, TIPO BASE: GIRATÓRIA COM 5 RODÍZIOS, TIPO ENCOSTO: ESPALDAR MÉDIO, TIPO SISTEMA REGULAGEM VERTICAL: PNEUMÁTICO, TRATAMENTO SUPERFICIAL ESTRUTURA: PINTURA ELETROSTÁTICA";"UN";1.100,0000;1.500,00000;1.650.000,0000
"26/2026";Aprovada;;"Aquisição de mobiliário para atender as demandas do Ministério da Saúde ";BENS;250110;3.114.240,0000;02/02/2026;31/07/2026;179;"SAA.CGINFRA";"78/2025";"Médio";3;01/08/2026;Material;7110;MOBILIÁRIO PARA ESCRITÓRIO;"13678";"CADEIRA FIXA";623643;"ACABAMENTO ESTRUTURA: PINTADO EM EPÓXI, CARACTERÍSTICAS ADICIONAIS: COM BRAÇO E PRANCHETA, MATERIAL ASSENTO: ESPUMA DE POLIURETANO, MATERIAL ENCOSTO: ESPUMA DE POLIURETANO, MATERIAL ESTRUTURA: AÇO TUBULAR, MATERIAL REVESTIMENTO ASSENTO E ENCOSTO: TECIDO, TIPO BASE: FIXO, TIPO ENCOSTO: ESPALDAR MÉDIO, TIPO PÉ: COM FORMATO CURVO DO "S", TRATAMENTO SUPERFICIAL: FOSFATIZADO ANTI-FERRUGEM";"UN";783,0000;500,00000;391.500,0000
"26/2026";Aprovada;;"Aquisição de mobiliário para atender as demandas do Ministério da Saúde ";BENS;250110;3.114.240,0000;02/02/2026;31/07/2026;179;"SAA.CGINFRA";"78/2025";"Médio";4;01/08/2026;Material;7110;Mobiliário Para Escritório;"4079";"Cadeira Empilhável";461919;"acabamento superficial: pintura epóxi, altura: 83, características adicionais: com braço, cor: preta, largura: 53, material assento/encosto: polipropileno, material estrutura: polipropileno, profundidade: 40";"UN";210,0000;400,00000;84.000,0000
"26/2026";Aprovada;;"Aquisição de mobiliário para atender as demandas do Ministério da Saúde ";BENS;250110;3.114.240,0000;02/02/2026;31/07/2026;179;"SAA.CGINFRA";"78/2025";"Médio";5;01/08/2026;Material;7110;Mobiliário para escritório;"313";"Cadeira Escritório";613647;"apoio braço: com regulagem vertical, características adicionais: peso max. recomendado: 200 kg, dimensões assento: 60 x 50, material assento: poliuretano injetado anatômico, material encosto: poliuretano injetado anatômico, material estrutura: polipropileno / tubo aço, material revestimento assento e encosto: tecido poliéster, normas técnicas: abnt nbr 13962/2002, tipo base: giratória com 5 rodízios duplos, tipo encosto: regulável, tipo sistema regulagem vertical: mecânica, tratamento superficial estrutura: pintura eletrostática";"UN";2.424,0000;100,00000;242.400,0000
"26/2026";Aprovada;;"Aquisição de mobiliário para atender as demandas do Ministério da Saúde ";BENS;250110;3.114.240,0000;02/02/2026;31/07/2026;179;"SAA.CGINFRA";"78/2025";"Médio";6;01/08/2026;Material;7195;Mobiliários diversos e acessórios;"6073";"Descanso Pés";614610;"características adicionais: inclinação 4 sapatas de borracha anti-deslizantes, comprimento: 47, largura: 41, material bandeja: polipropileno, material estrutura: aço, tipo: ajustável";"UN";143,0000;200,00000;28.600,0000
"26/2026";Aprovada;;"Aquisição de mobiliário para atender as demandas do Ministério da Saúde ";BENS;250110;3.114.240,0000;02/02/2026;31/07/2026;179;"SAA.CGINFRA";"78/2025";"Médio";7;01/08/2026;Material;7105;Mobiliário doméstico;"12177";"Sofá";470185;"altura: 70, características adicionais: pés e estrutura em aço cromado tubular, cor: preta, largura: 76, material estofamento: espuma poliuretano d28, material estrutura: madeira maciça, profundidade: 70, quantidade assentos: 1, revestimento: couro sintético";"UN";1.809,0000;60,00000;108.540,0000
"26/2026";Aprovada;;"Aquisição de mobiliário para atender as demandas do Ministério da Saúde ";BENS;250110;3.114.240,0000;02/02/2026;31/07/2026;179;"SAA.CGINFRA";"78/2025";"Médio";8;01/08/2026;Material;7105;Mobiliário doméstico;"12177";"Sofá";381010;"altura: 760, características adicionais: com braços em aço tubular, cor: preta, largura: 1300, material estofamento: espuma poliuretano injetado, material estrutura: madeira compensada, profundidade: 650, quantidade assentos: 2, revestimento: couro sintético";"UN";2.170,0000;60,00000;130.200,0000
"26/2026";Aprovada;;"Aquisição de mobiliário para atender as demandas do Ministério da Saúde ";BENS;250110;3.114.240,0000;02/02/2026;31/07/2026;179;"SAA.CGINFRA";"78/2025";"Médio";9;01/08/2026;Material;7105;Mobiliário doméstico;"12177";"Sofá";460085;"altura: 75, cor: preta, largura: 2,01, material estofamento: espuma poliuretano, material estrutura: madeira, profundidade: 72, quantidade assentos: 3, revestimento: couro sintético";"UN";2.350,0000;60,00000;141.000,0000
"40/2026";Aprovada;;"Aquisição Confecção/instalação de placas de sinalização";BENS;250110;1.102.500,0000;03/07/2026;31/12/2026;181;"SAA.CGINFRA";"120/2025";"Médio";1;31/12/2026;Material;9515;PLACAS, CHAPAS, FITAS E LAMINADOS FINOS DE FERRO E DE AÇO;"4842";"CHAPA METAL FERROSO";461266;"COMPRIMENTO: 5.000, ESPESSURA: 3, LARGURA: 1.500, MATERIAL: ALUMÍNIO/POLIETILENO, TIPO: CHAPA DE ACM, TIPO LAMINAÇÃO: LÂMINA DE ALUMÍNIO: 0,21 MM, TRATAMENTO SUPERFICIAL: PINTURA POLIESTER";"UN";105,0000;10.500,00000;1.102.500,0000
"47/2026";Aprovada;;"Serviço de restauração dos quadro da bibioteca ";SERVICOS;250110;10.000,0000;03/07/2026;30/12/2026;180;"SAA.CGDI.CODINF";"217/2025";"Baixo";1;31/12/2026;Serviço;964;Serviços De Preservação E Relacionados Com Museus;"";"";22969;"Restauração/ Conservação e Preservação de Patrimônio Histórico";"";1.250,0000;8,00000;10.000,0000
"87/2026";Aprovada;;"Serviço  de gestão operacional para execução dos contratos de repasse. ";SERVICOS;250110;65.079.010,6000;08/01/2026;07/07/2026;180;"SAA.CGSA";"240/2025";"Médio";1;07/07/2026;Serviço;711;SERVIÇOS DE INTERMEDIAÇÃO FINANCEIRA,EXCETO SERVIÇO BANCÁRIODE INVESTIMENTO,SERVIÇOS DE SEGUROS E DE PENSÕES;"";"";20362;"PRESTAÇÃO DE SERVIÇOS BANCÁRIOS";"";65.079.010,6000;1,00000;65.079.010,6000
"50/2026";Aprovada;;"Serviço  em ações de desenvolvimento relacionadas ao Tema Logística e Compras Públicas";SERVICOS;250110;150.000,0000;03/07/2026;30/12/2026;180;"SAA.COGEP.CODEP";"105/2025";"Baixo";1;31/12/2026;Serviço;929;Outros serviços de educação e treinamento;"";"";21172;"Treinamento qualificação profissional";"";3.000,0000;50,00000;150.000,0000
"52/2026";Aprovada;;"Serviço em ações de desenvolvimento relacionadas ao Tema Liderança";SERVICOS;250110;600.000,0000;03/07/2026;30/12/2026;180;"SAA.COGEP.CODEP";"103/2025";"Baixo";1;31/12/2026;Serviço;929;Outros serviços de educação e treinamento;"";"";21172;"Treinamento qualificação profissional";"";3.000,0000;200,00000;600.000,0000
"54/2026";Aprovada;;"Serviço em ações de desenvolvimento relacionadas ao Tema Transformação Digital e TIC";SERVICOS;250110;90.000,0000;03/07/2026;30/12/2026;180;"SAA.COGEP.CODEP";"101/2025";"Baixo";1;31/12/2026;Serviço;929;Outros serviços de educação e treinamento;"";"";21172;"Treinamento qualificação profissional";"";3.000,0000;30,00000;90.000,0000
"92/2026";Aprovada;;"Aquisição de água mineral CASAI-SP";BENS;250110;30.000,0000;03/12/2025;01/06/2026;180;"SESAI.CASAI.SP";"260/2025";"Médio";1;01/06/2026;Material;8960;BEBIDAS NÃO ALCOÓLICAS;"19555";"ÁGUA MINERAL NATURAL";445485;"TIPO EMBALAGEM: RETORNÁVEL, MATERIAL EMBALAGEM: PLÁSTICO, TIPO: SEM GÁS";"GRR";10,0000;3.000,00000;30.000,0000
"97/2026";Aprovada;;"Serviço de carregador/estiva para atender a  CASAI/SP";SERVICOS;250110;133.167,3600;02/01/2026;30/06/2026;179;"SESAI.CASAI.SP";"252/2025";"Médio";1;30/06/2026;Serviço;671;SERVIÇOS DE CARGA E DESCARGA;"";"";15890;"ESTIVA - CARREGADOR / OPERADOR CARGA";"";133.167,3600;1,00000;133.167,3600
"95/2026";Aprovada;;"Serviço de manutenção corretiva para atender a frota de veículos oficiais CASAI-SP";SERVICOS;250110;61.179,6200;02/10/2025;31/03/2026;180;"SESAI.CASAI.SP";"255/2025";"Médio";1;31/03/2026;Serviço;871;SERVIÇOS DE MANUTENÇÃO E REPARO DE PRODUTOS FABRICADOS DE METAL,MAQUINARIA E EQUIPAMENTOS;"";"";3565;"MANUTENÇÃO DE VEÍCULOS LEVES E PESADOS";"";61.179,6200;1,00000;61.179,6200
"104/2026";Aprovada;;"Serviço de desenvolvimento e manutenção  sistemas informatizados, em regime de Fábrica de Software.";CONTRATACOES_TIC;250110;66.448.959,1200;04/06/2026;01/12/2026;180;"SEIDIGI.DATASUS.CGSIO";"295/2025";"Médio";1;01/12/2026;Serviço;117;SERVIÇO DE IMPLEMENTAÇÃO ÁGIL DE SOFTWARE;"";"";30001;"IMPLEMENTAÇÃO ÁGIL DE SOFTWARE";"";32.084,1300;180,00000;5.775.143,4000
"104/2026";Aprovada;;"Serviço de desenvolvimento e manutenção  sistemas informatizados, em regime de Fábrica de Software.";CONTRATACOES_TIC;250110;66.448.959,1200;04/06/2026;01/12/2026;180;"SEIDIGI.DATASUS.CGSIO";"295/2025";"Médio";2;01/12/2026;Serviço;117;SERVIÇO DE IMPLEMENTAÇÃO ÁGIL DE SOFTWARE;"";"";30001;"IMPLEMENTAÇÃO ÁGIL DE SOFTWARE";"";17.294,8000;180,00000;3.113.064,0000
"104/2026";Aprovada;;"Serviço de desenvolvimento e manutenção  sistemas informatizados, em regime de Fábrica de Software.";CONTRATACOES_TIC;250110;66.448.959,1200;04/06/2026;01/12/2026;180;"SEIDIGI.DATASUS.CGSIO";"295/2025";"Médio";3;01/12/2026;Serviço;117;SERVIÇO DE IMPLEMENTAÇÃO ÁGIL DE SOFTWARE;"";"";30001;"IMPLEMENTAÇÃO ÁGIL DE SOFTWARE";"";24.558,1400;900,00000;22.102.326,0000
"104/2026";Aprovada;;"Serviço de desenvolvimento e manutenção  sistemas informatizados, em regime de Fábrica de Software.";CONTRATACOES_TIC;250110;66.448.959,1200;04/06/2026;01/12/2026;180;"SEIDIGI.DATASUS.CGSIO";"295/2025";"Médio";4;01/12/2026;Serviço;117;SERVIÇO DE IMPLEMENTAÇÃO ÁGIL DE SOFTWARE;"";"";30001;"IMPLEMENTAÇÃO ÁGIL DE SOFTWARE";"";32.238,5700;780,00000;25.146.084,6000
"104/2026";Aprovada;;"Serviço de desenvolvimento e manutenção  sistemas informatizados, em regime de Fábrica de Software.";CONTRATACOES_TIC;250110;66.448.959,1200;04/06/2026;01/12/2026;180;"SEIDIGI.DATASUS.CGSIO";"295/2025";"Médio";5;01/12/2026;Serviço;117;SERVIÇO DE IMPLEMENTAÇÃO ÁGIL DE SOFTWARE;"";"";30001;"IMPLEMENTAÇÃO ÁGIL DE SOFTWARE";"";41.594,4200;60,00000;2.495.665,2000
"104/2026";Aprovada;;"Serviço de desenvolvimento e manutenção  sistemas informatizados, em regime de Fábrica de Software.";CONTRATACOES_TIC;250110;66.448.959,1200;04/06/2026;01/12/2026;180;"SEIDIGI.DATASUS.CGSIO";"295/2025";"Médio";6;01/12/2026;Serviço;117;SERVIÇO DE IMPLEMENTAÇÃO ÁGIL DE SOFTWARE;"";"";30001;"IMPLEMENTAÇÃO ÁGIL DE SOFTWARE";"";25.824,2400;240,00000;6.197.817,6000
"104/2026";Aprovada;;"Serviço de desenvolvimento e manutenção  sistemas informatizados, em regime de Fábrica de Software.";CONTRATACOES_TIC;250110;66.448.959,1200;04/06/2026;01/12/2026;180;"SEIDIGI.DATASUS.CGSIO";"295/2025";"Médio";7;01/12/2026;Serviço;117;SERVIÇO DE IMPLEMENTAÇÃO ÁGIL DE SOFTWARE;"";"";30001;"IMPLEMENTAÇÃO ÁGIL DE SOFTWARE";"";27.865,6000;24,00000;668.774,4000
"104/2026";Aprovada;;"Serviço de desenvolvimento e manutenção  sistemas informatizados, em regime de Fábrica de Software.";CONTRATACOES_TIC;250110;66.448.959,1200;04/06/2026;01/12/2026;180;"SEIDIGI.DATASUS.CGSIO";"295/2025";"Médio";8;01/12/2026;Serviço;117;Serviço De Implementação Ágil De Software;"";"";30001;"Implementação Ágil de Software";"";24.065,0600;24,00000;577.561,4400
"104/2026";Aprovada;;"Serviço de desenvolvimento e manutenção  sistemas informatizados, em regime de Fábrica de Software.";CONTRATACOES_TIC;250110;66.448.959,1200;04/06/2026;01/12/2026;180;"SEIDIGI.DATASUS.CGSIO";"295/2025";"Médio";9;01/12/2026;Serviço;117;Serviço De Implementação Ágil De Software;"";"";30001;"Implementação Ágil de Software";"";31.043,5400;12,00000;372.522,4800
"16/2026";Aprovada;;"Aquisição ARMADILHA ANIMAL TIPO ASPIRADOR SUCÇÃO ORAL CASTRO";BENS;250110;96.000,0000;02/02/2026;31/07/2026;179;"SVS.DEDT.CGZV";"130/2025";"Médio";1;31/07/2026;Material;3740;Equipamento para controle de pragas, doenças e geadas;"3002";"Armadilha Animal";401274;"características adicionais: filtro hepa 612 0,3um, tela látex, aspirador 12", componentes: aspirador bucal,aspirador filtro,filtro,tubo,tela, material: plástico policarbonato, tipo: aspirador sucção oral castro";"UN";120,0000;800,00000;96.000,0000
"44/2026";Aprovada;;"Aquisição MICROSCÓPIO ESTEREOSCÓPIO, TIPO: BINOCULAR, AUMENTO: C/ OBJETIVAS ATÉ 100X, OCULARES ";BENS;250110;135.000,0000;04/03/2026;31/08/2026;180;"SVS.DEDT.CEMA";"121/2025";"Médio";1;30/08/2026;Material;6640;Equipamentos e artigos de laboratório;"7059";"Microscópio";440734;"adicional: inclinação até 30°, aumento: c/ objetivas até 100x, oculares até 10x, componentes: iluminação em led, refletida e transmitida, outros componentes: base cerca de 20 x 30 cm, tipo: binocular, tipo de análise: estereoscópio";"UN";3.000,0000;45,00000;135.000,0000
"62/2026";Aprovada;;"Serviço em ações de desenvolvimento relacionadas ao Tema Ciências Contábeis";SERVICOS;250110;30.000,0000;04/05/2026;30/10/2026;179;"SAA.COGEP.CODEP";"93/2025";"Baixo";1;31/12/2026;Serviço;929;Outros serviços de educação e treinamento;"";"";21172;"Treinamento qualificação profissional";"";3.000,0000;10,00000;30.000,0000
"30/2026";Aprovada;;"Serviço de transporte rodoviário de carga, local, intermunicipal e interestadual";SERVICOS;250110;650.000,0400;05/09/2025;06/03/2026;182;"SAA.CGSA";"132/2025";"Médio";1;08/03/2026;Serviço;643;Serviços de transporte rodoviário;"";"";3263;"Transporte rodoviário - cargas / encomendas";"";54.166,6700;12,00000;650.000,0400
"42/2026";Aprovada;;"Serviço de  elaboração de Projetos Executivos  reforma  do Almoxarifado Central";SERVICOS;250110;1.500.000,0000;01/01/2026;30/06/2026;180;"SAA.CGINFRA";"114/2025";"Médio";1;30/06/2026;Serviço;833;Serviços de engenharia;"";"";20060;"Elaboração / análise projeto - engenharia";"";1.500.000,0000;1,00000;1.500.000,0000
"8/2026";Aprovada;;"Serviço de  Suporte técnico de Software Gerenciador de Bibliotecas";SERVICOS;250110;50.000,0000;03/07/2026;31/12/2026;181;"SAA.CGDI.CODINF";"113/2025";"Baixo";1;31/12/2026;Serviço;112;Serviços De Manutenção E Sustentação De Software;"";"";26000;"Sustentação de Software";"";50.000,0000;1,00000;50.000,0000
"6/2026";Aprovada;;"Aquisição materiais informativos e PIN, com impressão de identidade visual escolhida.";BENS;250110;63.184,0000;18/03/2026;14/09/2026;180;"SAA.COGEP.CODEP";"162/2025";"Baixo";1;14/09/2026;Material;7510;ARTIGOS PARA ESCRITÓRIO;"37";"AGENDA";624591;"CARACTERÍSTICAS ADICIONAIS: CONFORME MODELO DO ÓRGÃO, COMPRIMENTO: 367, GRAMATURA: 75, LARGURA: 248, MATERIAL: COUCHE LISO, QUANTIDADE FOLHAS: 192, REVESTIMENTO CAPA: COUCHE LISO, TIPO: PLANNER, TIPO PAPEL MIOLO: CHAMBRIL PREMIER";"CX";6.544,0000;8,00000;52.352,0000
"6/2026";Aprovada;;"Aquisição materiais informativos e PIN, com impressão de identidade visual escolhida.";BENS;250110;63.184,0000;18/03/2026;14/09/2026;180;"SAA.COGEP.CODEP";"162/2025";"Baixo";2;14/09/2026;Material;7510;Artigos para escritório;"99";"Caneta Esferográfica";610532;"características adicionais: acionar e retrátil, cor tinta: azul, material: papelão reciclado, material ponta: esfera de tungstênio";"CX";39,0000;8,00000;312,0000
"6/2026";Aprovada;;"Aquisição materiais informativos e PIN, com impressão de identidade visual escolhida.";BENS;250110;63.184,0000;18/03/2026;14/09/2026;180;"SAA.COGEP.CODEP";"162/2025";"Baixo";3;14/09/2026;Material;8125;GARRAFAS E JARROS;"1387";"GARRAFA";484515;"CAPACIDADE: 500, CARACTERÍSTICAS ADICIONAIS: COM TAMPA ROSCÁVEL E MOSQUETÃO COLORIDO, MATERIAL: ALUMÍNIO, TIPO: SQUEEZE";"UN";26,3000;400,00000;10.520,0000
"60/2026";Aprovada;;"Serviço em ações de desenvolvimento relacionadas ao Tema Epidemiologia";SERVICOS;250110;21.000,0000;03/07/2026;30/12/2026;180;"SAA.COGEP.CODEP";"95/2025";"Baixo";1;31/12/2026;Serviço;929;Outros serviços de educação e treinamento;"";"";21172;"Treinamento qualificação profissional";"";3.000,0000;7,00000;21.000,0000
"68/2026";Aprovada;;"Serviço de  manutenção preventiva dos arquivos delizantes do Arquivo Central localizados no edifício";SERVICOS;250110;500.000,0000;03/12/2025;01/06/2026;180;"SAA.CGDI.ARQUIVO";"119/2025";"Alto";1;01/06/2026;Serviço;871;Serviços De Manutenção E Reparo De Produtos Fabricados De Metal,Maquinaria E Equipamentos;"";"";5444;"Manutenção de Arquivos Fixos, Giratórios ou Móveis";"";500.000,0000;1,00000;500.000,0000
"72/2026";Aprovada;;"Serviço de despacho aduaneiro de desembaraço alfandegário  importações e exportações de medicamento";SERVICOS;250110;957.600,0000;02/09/2025;02/03/2026;181;"SE.DLOG.CGLOG.DIIMP";"35/2025";"Baixo";1;01/03/2026;Serviço;839;Outros Serviços De Negócios, Técnicos E Profissionais;"";"";3921;"Despachos Aduaneiros";"";912,0000;1.050,00000;957.600,0000
"71/2026";Aprovada;;"Retrofit do Bloco G da Esplanada dos Ministério";OBRAS_SERV_ESP_ENGENHARIA;250110;110.000.000,0000;01/05/2026;30/10/2026;182;"SAA.CGINFRA";"84/2025";"Alto";1;30/10/2026;Serviço;833;Serviços de engenharia;"";"";22225;"Serviço engenharia";"";110.000.000,0000;1,00000;110.000.000,0000
"5/2026";Aprovada;;"Aquisição Coletes refletivos para atender a demanda da brigada de incêndio quando da evacuação ";BENS;250110;25.000,0000;03/12/2025;01/06/2026;180;"SAA.CGSA";"145/2025";"Baixo";1;01/06/2026;Material;8415;Vestuário para fins especiais;"14269";"Colete Identificação";481824;"características adicionais: conforme modelo do órgão, componente adicional: faixa refletiva, cor: laranja, material: tecido, tamanho: sob medida, tipo tecido: tectel";"UN";100,0000;250,00000;25.000,0000
"11/2026";Aprovada;;"Aquisição CONCHA ENTOMOLÓGICA PARA COLETA DE LARVAS";BENS;250110;1.300.000,0000;02/01/2026;30/06/2026;179;"SVS.DEDT.CEMA";"123/2025";"Médio";1;30/06/2026;Material;6640;Equipamentos e artigos de laboratório;"30311";"Instrumento Para Coleta Entomológica";625639;"adicional: cabo retrátil, capacidade: 350, dimensões: cerca de 1, material: plástico, tipo: concha";"UN";200,0000;6.500,00000;1.300.000,0000
"13/2026";Aprovada;;"Aquisição Pulverizador costal motorizado";BENS;250110;6.400.000,0000;01/12/2025;29/05/2026;179;"SVS.DEDT.CGARB";"138/2025";"Médio";1;30/05/2026;Material;3740;Equipamento para controle de pragas, doenças e geadas;"1352";"Pulverizador Costal Motorizado";616710;"altura: 59, capacidade tanque combustível: 2, capacidade tanque defensivo: 6, comprimento: 55, largura: 40, material: aço carbono, peso: 20, rotação motor: 7.300, tipo combustível: gasolina, tipo ignição motor: sistema convencional";"UN";3.200,0000;2.000,00000;6.400.000,0000
"18/2026";Aprovada;;"Serviço de restauração do Aqueduto da Colônia dos Psicopatas, localizados no Rio de Janeiro - RJ.";SERVICOS;250110;12.000.000,0000;03/06/2026;30/11/2026;180;"SAA.CGINFRA";"140/2025";"Médio";1;30/11/2026;Serviço;545;Tipos especiais de serviços de construção;"";"";1627;"Manutenção / reforma predial";"";12.000.000,0000;1,00000;12.000.000,0000
"28/2026";Aprovada;;"Serviço  de  instalação e fornecimento de divisórias de diversos modelos, portas, persianas";SERVICOS;250110;4.813.525,0000;03/04/2026;30/09/2026;180;"SAA.CGINFRA";"89/2025";"Médio";1;30/09/2026;Material;7110;MOBILIÁRIO PARA ESCRITÓRIO;"815";"DIVISÓRIA";486364;"ACABAMENTO SUPERFICIAL: LAMINADO MELAMÍNICO, ALTURA: 2,60, CARACTERÍSTICAS ADICIONAIS: PAINEL CEGO, LARGURA: 90, MATERIAL: MDF, MATERIAL PERFIL: ALUMÍNIO ANODIZADO, PADRÃO ACABAMENTO: ANODIZADO";"M2";440,0000;1.265,00000;556.600,0000
"28/2026";Aprovada;;"Serviço  de  instalação e fornecimento de divisórias de diversos modelos, portas, persianas";SERVICOS;250110;4.813.525,0000;03/04/2026;30/09/2026;180;"SAA.CGINFRA";"89/2025";"Médio";2;30/09/2026;Material;7110;MOBILIÁRIO PARA ESCRITÓRIO;"815";"DIVISÓRIA";457445;"ACABAMENTO SUPERFICIAL: LAMINADO MELAMÍNICO, ALTURA: 2,50, CARACTERÍSTICAS ADICIONAIS: VIDRO DUPLO 6 MM, BANDEIRA CEGA NA PARTE SUPERIOR, ESPESSURA: 15, LARGURA: 90, MATERIAL: VIDRO, MATERIAL PERFIL: ALUMÍNIO ANODIZADO FOSCO";"M2";920,0000;1.200,00000;1.104.000,0000
"28/2026";Aprovada;;"Serviço  de  instalação e fornecimento de divisórias de diversos modelos, portas, persianas";SERVICOS;250110;4.813.525,0000;03/04/2026;30/09/2026;180;"SAA.CGINFRA";"89/2025";"Médio";3;30/09/2026;Material;7110;MOBILIÁRIO PARA ESCRITÓRIO;"815";"DIVISÓRIA";456579;"ALTURA: 1.200, CARACTERÍSTICAS ADICIONAIS: PAINEL DE VIDRO COMUM TRANSPARENTE, ESPESSURA: 35, LARGURA: 1.090, MATERIAL: VIDRO, MATERIAL PERFIL: AÇO GALVANIZADO, TRATAMENTO SUPERFICIAL PERFIL: PINTURA ELETROSTÁTICA EPÓXI POLIESTER";"M2";1.700,0000;815,00000;1.385.500,0000
"28/2026";Aprovada;;"Serviço  de  instalação e fornecimento de divisórias de diversos modelos, portas, persianas";SERVICOS;250110;4.813.525,0000;03/04/2026;30/09/2026;180;"SAA.CGINFRA";"89/2025";"Médio";4;30/09/2026;Material;7110;MOBILIÁRIO PARA ESCRITÓRIO;"15475";"PORTA PARA DIVISÓRIA";486392;"ACABAMENTO SUPERFICIAL: LAMINADO MELAMÍNICO, ALTURA: 2600, CARACTERÍSTICAS ADICIONAIS: COM FERRAGENS, LARGURA: 910, MATERIAL: MDF, TIPO: PAINEL CEGO";"UN";2.250,0000;150,00000;337.500,0000
"28/2026";Aprovada;;"Serviço  de  instalação e fornecimento de divisórias de diversos modelos, portas, persianas";SERVICOS;250110;4.813.525,0000;03/04/2026;30/09/2026;180;"SAA.CGINFRA";"89/2025";"Médio";5;30/09/2026;Material;7110;MOBILIÁRIO PARA ESCRITÓRIO;"15475";"PORTA PARA DIVISÓRIA";602635;"ACABAMENTO SUPERFICIAL: LAMINADO MELAMÍNICO, ALTURA: 2,10, CARACTERÍSTICAS ADICIONAIS: DUPLA, COM BATENTE, REQUADRO, FECHADURA TUBULAR,, ESPESSURA: 4, LARGURA: 82, MATERIAL: MADEIRA, PADRÃO ACABAMENTO: MADEIRADO LINO, TIPO: MONOBLOCO";"UN";3.600,0000;23,00000;82.800,0000
"28/2026";Aprovada;;"Serviço  de  instalação e fornecimento de divisórias de diversos modelos, portas, persianas";SERVICOS;250110;4.813.525,0000;03/04/2026;30/09/2026;180;"SAA.CGINFRA";"89/2025";"Médio";6;30/09/2026;Material;7230;TAPEÇARIAS, CORTINAS E PERSIANAS;"760";"PERSIANA";483681;"ALTURA: 1,50, APLICAÇÃO: AMBIENTE PROFISSIONAL, COR: CINZA, ESPESSURA LÂMINA:  25, LARGURA: 2,50, MATERIAL: ALUMÍNIO, TIPO: HORIZONTAL";"M2";350,0000;660,00000;231.000,0000
"28/2026";Aprovada;;"Serviço  de  instalação e fornecimento de divisórias de diversos modelos, portas, persianas";SERVICOS;250110;4.813.525,0000;03/04/2026;30/09/2026;180;"SAA.CGINFRA";"89/2025";"Médio";1;30/09/2026;Serviço;546;Serviços De Instalação;"";"";2240;"Instalação e Montagem de Isolamento Acústico";"";185,0000;2.465,00000;456.025,0000
"28/2026";Aprovada;;"Serviço  de  instalação e fornecimento de divisórias de diversos modelos, portas, persianas";SERVICOS;250110;4.813.525,0000;03/04/2026;30/09/2026;180;"SAA.CGINFRA";"89/2025";"Médio";2;30/09/2026;Serviço;546;Serviços De Instalação;"";"";2240;"Instalação e Montagem de Isolamento Acústico";"";805,0000;820,00000;660.100,0000
"41/2026";Aprovada;;"Serviço de empresa  para elaboração de projetos executivos a substituição dos elevadores do Anexo ";SERVICOS;250110;100.000,0000;02/01/2026;30/06/2026;179;"SAA.CGINFRA";"157/2025";"Médio";1;30/06/2026;Serviço;833;Serviços de engenharia;"";"";20060;"Elaboração / análise projeto - engenharia";"";100.000,0000;1,00000;100.000,0000
"48/2026";Aprovada;;"Serviço Contratação de pessoa jurídica para a realização de exposições no Espaço ";SERVICOS;250110;2.000.000,0000;03/07/2026;30/12/2026;180;"SAA.CGDI.DCCMS";"147/2025";"Alto";1;31/12/2026;Serviço;951;Serviços Fornecidos Por Organizações Comercial,De Empregadore De Profissionais;"";"";4375;"Organização de Congresso, Simpósio, Conferência e Exposição";"";2.000.000,0000;1,00000;2.000.000,0000
"51/2026";Aprovada;;"Serviço em ações de desenvolvimento relacionadas ao Tema Políticas Públicas,";SERVICOS;250110;45.000,0000;03/07/2026;30/12/2026;180;"SAA.COGEP.CODEP";"104/2025";"Baixo";1;31/12/2026;Serviço;929;Outros serviços de educação e treinamento;"";"";21172;"Treinamento qualificação profissional";"";3.000,0000;15,00000;45.000,0000
"53/2026";Aprovada;;"Serviço  em ações de desenvolvimento relacionadas ao Tema Inovação,";SERVICOS;250110;45.000,0000;03/07/2026;30/12/2026;180;"SAA.COGEP.CODEP";"102/2025";"Baixo";1;31/12/2026;Serviço;929;Outros serviços de educação e treinamento;"";"";21172;"Treinamento qualificação profissional";"";3.000,0000;15,00000;45.000,0000
"91/2026";Aprovada;;"Aquisição de veículos para atendimento das demandas da CASAI/BSB.";BENS;250110;872.890,0000;03/12/2025;01/06/2026;180;"SESAI.CASAI.BSB";"277/2025";"Médio";1;01/06/2026;Material;2310;Veículos motorizados de passageiros;"3142";"Automóvel";623694;"características adicionais: cabine dupla, tração 4x4, modelo: pick-up, potência: 170, quantidade passageiro: 5, quantidade portas: 4, tipo combustível: diesel, tipo câmbio: automático, tipo motor: 2.0";"UN";264.190,0000;1,00000;264.190,0000
"91/2026";Aprovada;;"Aquisição de veículos para atendimento das demandas da CASAI/BSB.";BENS;250110;872.890,0000;03/12/2025;01/06/2026;180;"SESAI.CASAI.BSB";"277/2025";"Médio";2;01/06/2026;Material;2310;Veículos motorizados de passageiros;"14411";"Veículo Van";473733;"capacidade passageiro: 18, cilindrada: mínima 1.990, potência motor: mínima 127, tipo carroceria: baú, tipo motor: diesel, ano/modelo: corrente / 0 (zero) km";"UN";348.900,0000;1,00000;348.900,0000
"91/2026";Aprovada;;"Aquisição de veículos para atendimento das demandas da CASAI/BSB.";BENS;250110;872.890,0000;03/12/2025;01/06/2026;180;"SESAI.CASAI.BSB";"277/2025";"Médio";3;01/06/2026;Material;2310;Veículos motorizados de passageiros;"3142";"Automóvel";610137;"capacidade tanque combustível: 50, opcionais: ar condicionado, direção elétrica, potência: 106, quantidade passageiro: 7, quantidade portas: 4, tipo combustível: bi-combustível, tipo câmbio: automático, tipo motor: 1.8";"UN";129.900,0000;2,00000;259.800,0000
"88/2026";Aprovada;;"Serviço de Locação de espaço físico, montagem, desmontagem e infraestrutura para a XXVIII BIENAL ";SERVICOS;250110;750.000,0000;03/07/2026;30/12/2026;180;"SAA.CGDI.EDITORA";"156/2025";"Alto";1;01/07/2026;Serviço;951;Serviços Fornecidos Por Organizações Comercial,De Empregadore De Profissionais;"";"";4375;"Organização de Congresso, Simpósio, Conferência e Exposição";"";750.000,0000;1,00000;750.000,0000
"105/2026";Aprovada;;"Serviço de Solução de backup e restore de bancos de dados.";CONTRATACOES_TIC;250110;8.000.000,0000;03/07/2026;30/12/2026;180;"SEIDIGI.DATASUS.CGIE";"264/2025";"Baixo";1;31/12/2026;Serviço;131;SERVIÇOS DE COMPUTAÇÃO EM NUVEM;"";"";26069;"PLATAFORMA COMO SERVICO - PAAS";"";8.000.000,0000;1,00000;8.000.000,0000
"106/2026";Aprovada;;"Serviço de  solução de segurança para proteger sistemas e dados do Ministério da Saúde";CONTRATACOES_TIC;250110;7.172.205,7900;03/07/2026;30/12/2026;180;"SEIDIGI.DATASUS.CGIE";"268/2025";"Médio";1;31/12/2026;Serviço;182;SERVIÇOS DE  LICENCIAMENTO E  CONTRATOS DE TRANSFERÊNCIA DE TECNOLOGIA;"";"";27502;"CESSÃO TEMPORÁRIA DE DIREITOS SOBRE PROGRAMAS DE COMPUTADOR LOCAÇÃO DE SOFTWARE";"";299,0100;20.000,00000;5.980.200,0000
"106/2026";Aprovada;;"Serviço de  solução de segurança para proteger sistemas e dados do Ministério da Saúde";CONTRATACOES_TIC;250110;7.172.205,7900;03/07/2026;30/12/2026;180;"SEIDIGI.DATASUS.CGIE";"268/2025";"Médio";2;31/12/2026;Serviço;182;SERVIÇOS DE  LICENCIAMENTO E  CONTRATOS DE TRANSFERÊNCIA DE TECNOLOGIA;"";"";27502;"CESSÃO TEMPORÁRIA DE DIREITOS SOBRE PROGRAMAS DE COMPUTADOR LOCAÇÃO DE SOFTWARE";"";42,6900;20.000,00000;853.800,0000
"106/2026";Aprovada;;"Serviço de  solução de segurança para proteger sistemas e dados do Ministério da Saúde";CONTRATACOES_TIC;250110;7.172.205,7900;03/07/2026;30/12/2026;180;"SEIDIGI.DATASUS.CGIE";"268/2025";"Médio";3;31/12/2026;Serviço;168;SERVIÇOS AUXILIARES DE TECNOLOGIA DA INFORMAÇÃO  E  COMUNICAÇÃO (TIC);"";"";27260;"SERVIÇOS AUXILIARES DE TECNOLOGIA INFORMAÇÃO E COMUNICAÇÃO";"";256.470,4300;1,00000;256.470,4300
"106/2026";Aprovada;;"Serviço de  solução de segurança para proteger sistemas e dados do Ministério da Saúde";CONTRATACOES_TIC;250110;7.172.205,7900;03/07/2026;30/12/2026;180;"SEIDIGI.DATASUS.CGIE";"268/2025";"Médio";4;31/12/2026;Serviço;168;SERVIÇOS AUXILIARES DE TECNOLOGIA DA INFORMAÇÃO  E  COMUNICAÇÃO (TIC);"";"";27260;"SERVIÇOS AUXILIARES DE TECNOLOGIA INFORMAÇÃO E COMUNICAÇÃO";"";81.735,3600;1,00000;81.735,3600
"123/2026";Aprovada;;"Serviço de subscrição de licenças de uso de software do tipo suíte de escritório ";CONTRATACOES_TIC;250110;11.087.435,8800;07/07/2025;02/01/2026;179;"SEIDIGI.DATASUS.CGIE";"263/2025";"Alto";1;02/01/2026;Serviço;131;SERVIÇOS DE COMPUTAÇÃO EM NUVEM;"";"";26077;"SOFTWARE COMO SERVICO - SAAS";"";401,8000;12.309,00000;4.945.756,2000
"123/2026";Aprovada;;"Serviço de subscrição de licenças de uso de software do tipo suíte de escritório ";CONTRATACOES_TIC;250110;11.087.435,8800;07/07/2025;02/01/2026;179;"SEIDIGI.DATASUS.CGIE";"263/2025";"Alto";2;02/01/2026;Serviço;131;SERVIÇOS DE COMPUTAÇÃO EM NUVEM;"";"";26077;"SOFTWARE COMO SERVICO - SAAS";"";1.278,4800;3.766,00000;4.814.755,6800
"123/2026";Aprovada;;"Serviço de subscrição de licenças de uso de software do tipo suíte de escritório ";CONTRATACOES_TIC;250110;11.087.435,8800;07/07/2025;02/01/2026;179;"SEIDIGI.DATASUS.CGIE";"263/2025";"Alto";3;02/01/2026;Serviço;131;SERVIÇOS DE COMPUTAÇÃO EM NUVEM;"";"";26077;"SOFTWARE COMO SERVICO - SAAS";"";2.134,8900;310,00000;661.815,9000
"123/2026";Aprovada;;"Serviço de subscrição de licenças de uso de software do tipo suíte de escritório ";CONTRATACOES_TIC;250110;11.087.435,8800;07/07/2025;02/01/2026;179;"SEIDIGI.DATASUS.CGIE";"263/2025";"Alto";4;02/01/2026;Serviço;131;SERVIÇOS DE COMPUTAÇÃO EM NUVEM;"";"";26077;"SOFTWARE COMO SERVICO - SAAS";"";2.145,5100;310,00000;665.108,1000
"111/2026";Aprovada;;"Serviço de Contratação de solução de segurança e proteção de endpoint.";CONTRATACOES_TIC;250110;5.835.607,5000;03/07/2026;30/12/2026;180;"SEIDIGI.DATASUS.CGIE";"272/2025";"Médio";1;31/12/2026;Serviço;182;SERVIÇOS DE  LICENCIAMENTO E  CONTRATOS DE TRANSFERÊNCIA DE TECNOLOGIA;"";"";27502;"CESSÃO TEMPORÁRIA DE DIREITOS SOBRE PROGRAMAS DE COMPUTADOR LOCAÇÃO DE SOFTWARE";"";153,0000;15.474,00000;2.367.522,0000
"111/2026";Aprovada;;"Serviço de Contratação de solução de segurança e proteção de endpoint.";CONTRATACOES_TIC;250110;5.835.607,5000;03/07/2026;30/12/2026;180;"SEIDIGI.DATASUS.CGIE";"272/2025";"Médio";2;31/12/2026;Serviço;182;SERVIÇOS DE  LICENCIAMENTO E  CONTRATOS DE TRANSFERÊNCIA DE TECNOLOGIA;"";"";27502;"CESSÃO TEMPORÁRIA DE DIREITOS SOBRE PROGRAMAS DE COMPUTADOR LOCAÇÃO DE SOFTWARE";"";221,0000;900,00000;198.900,0000
"111/2026";Aprovada;;"Serviço de Contratação de solução de segurança e proteção de endpoint.";CONTRATACOES_TIC;250110;5.835.607,5000;03/07/2026;30/12/2026;180;"SEIDIGI.DATASUS.CGIE";"272/2025";"Médio";3;31/12/2026;Serviço;182;SERVIÇOS DE  LICENCIAMENTO E  CONTRATOS DE TRANSFERÊNCIA DE TECNOLOGIA;"";"";27502;"CESSÃO TEMPORÁRIA DE DIREITOS SOBRE PROGRAMAS DE COMPUTADOR LOCAÇÃO DE SOFTWARE";"";145,0000;15.474,00000;2.243.730,0000
"111/2026";Aprovada;;"Serviço de Contratação de solução de segurança e proteção de endpoint.";CONTRATACOES_TIC;250110;5.835.607,5000;03/07/2026;30/12/2026;180;"SEIDIGI.DATASUS.CGIE";"272/2025";"Médio";4;31/12/2026;Serviço;182;SERVIÇOS DE  LICENCIAMENTO E  CONTRATOS DE TRANSFERÊNCIA DE TECNOLOGIA;"";"";27502;"CESSÃO TEMPORÁRIA DE DIREITOS SOBRE PROGRAMAS DE COMPUTADOR LOCAÇÃO DE SOFTWARE";"";65,7500;15.474,00000;1.017.415,5000
"111/2026";Aprovada;;"Serviço de Contratação de solução de segurança e proteção de endpoint.";CONTRATACOES_TIC;250110;5.835.607,5000;03/07/2026;30/12/2026;180;"SEIDIGI.DATASUS.CGIE";"272/2025";"Médio";5;31/12/2026;Serviço;182;SERVIÇOS DE  LICENCIAMENTO E  CONTRATOS DE TRANSFERÊNCIA DE TECNOLOGIA;"";"";27502;"CESSÃO TEMPORÁRIA DE DIREITOS SOBRE PROGRAMAS DE COMPUTADOR LOCAÇÃO DE SOFTWARE";"";201,0000;40,00000;8.040,0000
"113/2026";Aprovada;;"Serviço de modernização da sala cofre de Brasília, com serviços e equipamentos";CONTRATACOES_TIC;250110;3.497.211,3000;03/07/2026;30/12/2026;180;"SEIDIGI.DATASUS.CGIE";"285/2025";"Médio";1;31/12/2026;Serviço;873;Serviços de instalação(à exceção da construção);"";"";20710;"Instalação / manutenção / montagem - sala cofre / sala tele-presença / vídeoconferência";"";3.497.211,3000;1,00000;3.497.211,3000
"116/2026";Aprovada;;"Serviço de Solução de proteção de segurança para API de sistemas.";CONTRATACOES_TIC;250110;8.000.000,0000;03/07/2026;30/12/2026;180;"SEIDIGI.DATASUS.CGIE";"281/2025";"Baixo";1;31/12/2026;Serviço;164;SERVIÇOS DE INTEGRAÇÃO DE SISTEMAS EM TECNOLOGIA DA INFORMA-ÇÃO E COMUNICAÇÃO (TIC);"";"";27081;"SERVIÇOS DE INTEGRAÇÃO DE  SISTEMAS EM TECNOLOGIA DA INFORMAÇÃO E COMUNICAÇÃO (TIC)";"UN";8.000.000,0000;1,00000;8.000.000,0000
"118/2026";Aprovada;;"Serviço de  solução integrada de segurança para estação de trabalho e servidores - Symantec ";CONTRATACOES_TIC;250110;4.367.975,7500;03/07/2026;30/12/2026;180;"SEIDIGI.DATASUS.CGIE";"273/2025";"Médio";1;31/12/2026;Serviço;182;SERVIÇOS DE  LICENCIAMENTO E  CONTRATOS DE TRANSFERÊNCIA DE TECNOLOGIA;"";"";27502;"CESSÃO TEMPORÁRIA DE DIREITOS SOBRE PROGRAMAS DE COMPUTADOR LOCAÇÃO DE SOFTWARE";"";65,7500;4.681,00000;307.775,7500
"118/2026";Aprovada;;"Serviço de  solução integrada de segurança para estação de trabalho e servidores - Symantec ";CONTRATACOES_TIC;250110;4.367.975,7500;03/07/2026;30/12/2026;180;"SEIDIGI.DATASUS.CGIE";"273/2025";"Médio";2;31/12/2026;Serviço;182;SERVIÇOS DE  LICENCIAMENTO E  CONTRATOS DE TRANSFERÊNCIA DE TECNOLOGIA;"";"";27502;"CESSÃO TEMPORÁRIA DE DIREITOS SOBRE PROGRAMAS DE COMPUTADOR LOCAÇÃO DE SOFTWARE";"";201,0000;20.200,00000;4.060.200,0000
"121/2026";Aprovada;;"Serviço  para Gerenciamento, Automação e Governança de Infraestrutura de TI.	";CONTRATACOES_TIC;250110;4.000.000,0000;03/07/2026;30/12/2026;180;"SEIDIGI.DATASUS.CGIE";"279/2025";"Baixo";1;31/12/2026;Serviço;168;Serviços Auxiliares De Tecnologia Da Informação  E  Comunicação (Tic);"";"";;"";"";4.000.000,0000;1,00000;4.000.000,0000
"122/2026";Aprovada;;"Serviço de Contratação de solução de observabilidade de infraestrutura.	";CONTRATACOES_TIC;250110;3.000.000,0000;03/07/2026;30/12/2026;180;"SEIDIGI.DATASUS.CGIE";"278/2025";"Baixo";1;31/12/2026;Serviço;168;Serviços auxiliares de tecnologia da informação  e  comunicação (tic);"";"";;"";"";3.000.000,0000;1,00000;3.000.000,0000
"98/2026";Aprovada;;"Serviço continuados de computação em nuvem e fornecimento de solução de banco de dados.";CONTRATACOES_TIC;250110;336.904.377,2000;21/09/2026;01/10/2026;10;"SEIDIGI.DATASUS.CGIE";"248/2025";"Médio";1;01/10/2026;Serviço;131;SERVIÇOS DE COMPUTAÇÃO EM NUVEM;"";"";26069;"PLATAFORMA COMO SERVICO - PAAS";"";424.700,8500;60,00000;25.482.051,0000
"98/2026";Aprovada;;"Serviço continuados de computação em nuvem e fornecimento de solução de banco de dados.";CONTRATACOES_TIC;250110;336.904.377,2000;21/09/2026;01/10/2026;10;"SEIDIGI.DATASUS.CGIE";"248/2025";"Médio";2;01/10/2026;Serviço;131;SERVIÇOS DE COMPUTAÇÃO EM NUVEM;"";"";26069;"PLATAFORMA COMO SERVICO - PAAS";"";223.528,0700;60,00000;13.411.684,2000
"98/2026";Aprovada;;"Serviço continuados de computação em nuvem e fornecimento de solução de banco de dados.";CONTRATACOES_TIC;250110;336.904.377,2000;21/09/2026;01/10/2026;10;"SEIDIGI.DATASUS.CGIE";"248/2025";"Médio";3;01/10/2026;Serviço;131;SERVIÇOS DE COMPUTAÇÃO EM NUVEM;"";"";26069;"PLATAFORMA COMO SERVICO - PAAS";"";1,0000;276.670.642,00000;276.670.642,0000
"98/2026";Aprovada;;"Serviço continuados de computação em nuvem e fornecimento de solução de banco de dados.";CONTRATACOES_TIC;250110;336.904.377,2000;21/09/2026;01/10/2026;10;"SEIDIGI.DATASUS.CGIE";"248/2025";"Médio";4;01/10/2026;Serviço;131;SERVIÇOS DE COMPUTAÇÃO EM NUVEM;"";"";26069;"PLATAFORMA COMO SERVICO - PAAS";"";350.000,0000;60,00000;21.000.000,0000
"98/2026";Aprovada;;"Serviço continuados de computação em nuvem e fornecimento de solução de banco de dados.";CONTRATACOES_TIC;250110;336.904.377,2000;21/09/2026;01/10/2026;10;"SEIDIGI.DATASUS.CGIE";"248/2025";"Médio";5;01/10/2026;Serviço;871;Serviços De Manutenção E Reparo De Produtos Fabricados De Metal,Maquinaria E Equipamentos;"";"";27111;"Serviços de Instalação de Equipamentos de TI (Computadores e seus Periféricos)";"";170.000,0000;2,00000;340.000,0000
"99/2026";Aprovada;;"Serviço de Fornecimento de link de comunicação dedicado para conexão entre Data Center e ambiente .";CONTRATACOES_TIC;250110;244.451,4800;03/07/2026;31/12/2026;181;"SEIDIGI.DATASUS.CGIE";"269/2025";"Médio";1;31/12/2026;Serviço;142;SERVIÇOS DE COMUNICAÇÃO DE DADOS;"";"";26506;"SERVIÇO DE LINK VIA CABO";"";19.954,2900;12,00000;239.451,4800
"99/2026";Aprovada;;"Serviço de Fornecimento de link de comunicação dedicado para conexão entre Data Center e ambiente .";CONTRATACOES_TIC;250110;244.451,4800;03/07/2026;31/12/2026;181;"SEIDIGI.DATASUS.CGIE";"269/2025";"Médio";2;31/12/2026;Serviço;871;Serviços De Manutenção E Reparo De Produtos Fabricados De Metal,Maquinaria E Equipamentos;"";"";27111;"Serviços de Instalação de Equipamentos de TI (Computadores e seus Periféricos)";"";5.000,0000;1,00000;5.000,0000
"15/2026";Aprovada;;"Aquisição ARMADILHA ANIMAL TIPO ENTOMOLÓGICA";BENS;250110;79.200,0000;02/02/2026;31/07/2026;179;"SVS.DEDT.CGZV";"131/2025";"Médio";1;31/07/2026;Material;3740;Equipamento para controle de pragas, doenças e geadas;"3002";"Armadilha Animal";401271;"características adicionais: tamanho: 2,50m (comprimento) x 2m (altura), componentes: tecido branco, cordas, material: tecido, tipo: entomológica, shannon";"UN";396,0000;200,00000;79.200,0000
"93/2026";Aprovada;;"Serviço especializado em manipulação, preparo, fornecimento e distribuição para a CASAI-BSB";SERVICOS;250110;2.248.181,0280;23/01/2026;22/07/2026;180;"SESAI.CASAI.BSB";"275/2025";"Médio";1;22/07/2026;Serviço;632;SERVIÇOS DE FORNECIMENTO DE COMIDA;"";"";15210;"CANTINA / BAR / LANCHONETE / REFEIÇÃO RÁPIDA / RESTAURANTE";"";7,1332;20.160,00000;143.805,3120
"93/2026";Aprovada;;"Serviço especializado em manipulação, preparo, fornecimento e distribuição para a CASAI-BSB";SERVICOS;250110;2.248.181,0280;23/01/2026;22/07/2026;180;"SESAI.CASAI.BSB";"275/2025";"Médio";2;22/07/2026;Serviço;632;SERVIÇOS DE FORNECIMENTO DE COMIDA;"";"";15210;"CANTINA / BAR / LANCHONETE / REFEIÇÃO RÁPIDA / RESTAURANTE";"";17,5742;22.320,00000;392.256,1440
"93/2026";Aprovada;;"Serviço especializado em manipulação, preparo, fornecimento e distribuição para a CASAI-BSB";SERVICOS;250110;2.248.181,0280;23/01/2026;22/07/2026;180;"SESAI.CASAI.BSB";"275/2025";"Médio";3;22/07/2026;Serviço;632;SERVIÇOS DE FORNECIMENTO DE COMIDA;"";"";15210;"CANTINA / BAR / LANCHONETE / REFEIÇÃO RÁPIDA / RESTAURANTE";"";7,3422;20.160,00000;148.018,7520
"93/2026";Aprovada;;"Serviço especializado em manipulação, preparo, fornecimento e distribuição para a CASAI-BSB";SERVICOS;250110;2.248.181,0280;23/01/2026;22/07/2026;180;"SESAI.CASAI.BSB";"275/2025";"Médio";4;22/07/2026;Serviço;632;SERVIÇOS DE FORNECIMENTO DE COMIDA;"";"";15210;"CANTINA / BAR / LANCHONETE / REFEIÇÃO RÁPIDA / RESTAURANTE";"";17,9300;22.320,00000;400.197,6000
"93/2026";Aprovada;;"Serviço especializado em manipulação, preparo, fornecimento e distribuição para a CASAI-BSB";SERVICOS;250110;2.248.181,0280;23/01/2026;22/07/2026;180;"SESAI.CASAI.BSB";"275/2025";"Médio";5;22/07/2026;Serviço;632;SERVIÇOS DE FORNECIMENTO DE COMIDA;"";"";15210;"CANTINA / BAR / LANCHONETE / REFEIÇÃO RÁPIDA / RESTAURANTE";"";6,8000;20.160,00000;137.088,0000
"93/2026";Aprovada;;"Serviço especializado em manipulação, preparo, fornecimento e distribuição para a CASAI-BSB";SERVICOS;250110;2.248.181,0280;23/01/2026;22/07/2026;180;"SESAI.CASAI.BSB";"275/2025";"Médio";6;22/07/2026;Serviço;632;SERVIÇOS DE FORNECIMENTO DE COMIDA;"";"";25500;"DISTRIBUIÇÃO DE LEITE";"";7,8902;5.400,00000;42.607,0800
"93/2026";Aprovada;;"Serviço especializado em manipulação, preparo, fornecimento e distribuição para a CASAI-BSB";SERVICOS;250110;2.248.181,0280;23/01/2026;22/07/2026;180;"SESAI.CASAI.BSB";"275/2025";"Médio";7;22/07/2026;Serviço;632;SERVIÇOS DE FORNECIMENTO DE COMIDA;"";"";25500;"DISTRIBUIÇÃO DE LEITE";"";12,0702;3.240,00000;39.107,4480
"93/2026";Aprovada;;"Serviço especializado em manipulação, preparo, fornecimento e distribuição para a CASAI-BSB";SERVICOS;250110;2.248.181,0280;23/01/2026;22/07/2026;180;"SESAI.CASAI.BSB";"275/2025";"Médio";8;22/07/2026;Serviço;632;SERVIÇOS DE FORNECIMENTO DE COMIDA;"";"";3697;"FORNECIMENTO DE REFEIÇÕES / LANCHES / SALGADOS / DOCES";"";7,7401;3.240,00000;25.077,9240
"93/2026";Aprovada;;"Serviço especializado em manipulação, preparo, fornecimento e distribuição para a CASAI-BSB";SERVICOS;250110;2.248.181,0280;23/01/2026;22/07/2026;180;"SESAI.CASAI.BSB";"275/2025";"Médio";9;22/07/2026;Serviço;632;SERVIÇOS DE FORNECIMENTO DE COMIDA;"";"";3697;"FORNECIMENTO DE REFEIÇÕES / LANCHES / SALGADOS / DOCES";"";17,8502;1.440,00000;25.704,2880
"93/2026";Aprovada;;"Serviço especializado em manipulação, preparo, fornecimento e distribuição para a CASAI-BSB";SERVICOS;250110;2.248.181,0280;23/01/2026;22/07/2026;180;"SESAI.CASAI.BSB";"275/2025";"Médio";10;22/07/2026;Serviço;851;Serviços De Agências De Empregos E Fornecimento De Pessoal;"";"";19399;"Prestação de Serviços de Cozinheiro";"";99.418,5600;2,00000;198.837,1200
"93/2026";Aprovada;;"Serviço especializado em manipulação, preparo, fornecimento e distribuição para a CASAI-BSB";SERVICOS;250110;2.248.181,0280;23/01/2026;22/07/2026;180;"SESAI.CASAI.BSB";"275/2025";"Médio";11;22/07/2026;Serviço;881;SERVIÇOS DE MANUFATURA EM INSUMOS FÍSICOS QUE SAO PROPRIEDADE DE OUTROS(EXCETO MAQUINARIA E EQUIPAMENTO);"";"";30180;"SERVIÇOS DIVERSOS DE AUXILIAR DE COZINHA";"";94.744,6800;4,00000;378.978,7200
"93/2026";Aprovada;;"Serviço especializado em manipulação, preparo, fornecimento e distribuição para a CASAI-BSB";SERVICOS;250110;2.248.181,0280;23/01/2026;22/07/2026;180;"SESAI.CASAI.BSB";"275/2025";"Médio";12;22/07/2026;Serviço;881;SERVIÇOS DE MANUFATURA EM INSUMOS FÍSICOS QUE SAO PROPRIEDADE DE OUTROS(EXCETO MAQUINARIA E EQUIPAMENTO);"";"";30180;"SERVIÇOS DIVERSOS DE AUXILIAR DE COZINHA";"";72.131,7600;2,00000;144.263,5200
"93/2026";Aprovada;;"Serviço especializado em manipulação, preparo, fornecimento e distribuição para a CASAI-BSB";SERVICOS;250110;2.248.181,0280;23/01/2026;22/07/2026;180;"SESAI.CASAI.BSB";"275/2025";"Médio";13;22/07/2026;Serviço;931;SERVIÇOS DE SAÚDE HUMANA;"";"";20281;"NUTRICIONISTA";"";122.529,8400;1,00000;122.529,8400
"93/2026";Aprovada;;"Serviço especializado em manipulação, preparo, fornecimento e distribuição para a CASAI-BSB";SERVICOS;250110;2.248.181,0280;23/01/2026;22/07/2026;180;"SESAI.CASAI.BSB";"275/2025";"Médio";14;22/07/2026;Serviço;851;SERVIÇOS DE AGÊNCIAS DE EMPREGOS E FORNECIMENTO DE PESSOAL;"";"";19399;"PRESTAÇÃO DE SERVIÇOS DE COZINHEIRO";"";49.709,2800;1,00000;49.709,2800
"36/2026";Aprovada;;"Aquisição de cortina  com instalação tipo rolo em tela solar translúcida e blackout";BENS;250110;1.500.000,0000;03/04/2026;30/09/2026;180;"SAA.CGINFRA";"87/2025";"Médio";1;30/09/2026;Material;7230;Tapeçarias, cortinas e persianas;"10682";"Persiana Tipo Cortina";423651;"altura: 2,76, características adicionais: acionamento manual, largura: 1,66, material: tela de fibra de vidro e pvc, tipo: rolô";"M2";250,0000;5.200,00000;1.300.000,0000
"36/2026";Aprovada;;"Aquisição de cortina  com instalação tipo rolo em tela solar translúcida e blackout";BENS;250110;1.500.000,0000;03/04/2026;30/09/2026;180;"SAA.CGINFRA";"87/2025";"Médio";2;30/09/2026;Material;7230;Tapeçarias, cortinas e persianas;"10682";"Persiana Tipo Cortina";423212;"características adicionais: acionamento manual/sem bandô/revestimento blackout, espessura: 0,35, material: tela de fibra de vidro e pvc, tipo: rolô";"M2";200,0000;1.000,00000;200.000,0000
"61/2026";Aprovada;;"Serviço em ações de desenvolvimento relacionadas ao Tema Comunicação";SERVICOS;250110;30.000,0000;03/07/2026;30/12/2026;180;"SAA.COGEP.CODEP";"94/2025";"Baixo";1;31/12/2026;Serviço;929;Outros serviços de educação e treinamento;"";"";21172;"Treinamento qualificação profissional";"";3.000,0000;10,00000;30.000,0000
"57/2026";Aprovada;;"Serviço  em ações de desenvolvimento relacionadas ao Tema Gestão de Pessoas";SERVICOS;250110;45.000,0000;03/07/2026;30/12/2026;180;"SAA.COGEP.CODEP";"98/2025";"Baixo";1;31/12/2026;Serviço;929;Outros serviços de educação e treinamento;"";"";21172;"Treinamento qualificação profissional";"";3.000,0000;15,00000;45.000,0000
"45/2026";Aprovada;;"Serviço de Retrofit do anexo do bloco G da Esplanada dos Ministérios";OBRAS_SERV_ESP_ENGENHARIA;250110;60.000.000,0000;01/05/2026;30/10/2026;182;"SAA.CGINFRA";"85/2025";"Médio";1;30/10/2026;Serviço;833;Serviços de engenharia;"";"";22225;"Serviço engenharia";"";60.000.000,0000;1,00000;60.000.000,0000
"77/2026";Aprovada;;"Caderneta da Criança - Passaporte da Cidadania";SERVICOS;250110;14.024.999,5600;03/07/2026;30/12/2026;180;"SAPS.DGCI. CGCRIAJ";"235/2025";"Médio";1;31/12/2026;Serviço;891;Serviços De Reprodução, Publicação E Impressão;"";"";17353;"Serviço gráfico - policromia";"";2,8600;4.903.846,00000;14.024.999,5600
"81/2026";Aprovada;;"Caderneta da Pessoa Idosa";SERVICOS;250110;5.720.000,0000;03/07/2026;30/12/2026;180;"SAPS.DGCI.COPID";"231/2025";"Médio";1;31/12/2026;Serviço;891;Serviços De Reprodução, Publicação E Impressão;"";"";17353;"Serviço gráfico - policromia";"";2,8600;2.000.000,00000;5.720.000,0000
"59/2026";Aprovada;;"Serviço em ações de desenvolvimento relacionadas ao Tema Estratégia, Projetos e Processos,";SERVICOS;250110;90.000,0000;03/07/2026;30/12/2026;180;"SAA.COGEP.CODEP";"96/2025";"Baixo";1;31/12/2026;Serviço;929;Outros serviços de educação e treinamento;"";"";21172;"Treinamento qualificação profissional";"";3.000,0000;30,00000;90.000,0000
"65/2026";Aprovada;;"Serviço  em ações de desenvolvimento relacionadas ao Tema Arquivologia,";SERVICOS;250110;9.000,0000;03/07/2026;30/12/2026;180;"SAA.COGEP.CODEP";"54/2025";"Baixo";1;31/12/2026;Serviço;929;Outros serviços de educação e treinamento;"";"";21172;"Treinamento qualificação profissional";"";3.000,0000;3,00000;9.000,0000
"66/2026";Aprovada;;"Serviço  em ações de desenvolvimento relacionadas ao Tema Arquivologia";SERVICOS;250110;12.000,0000;03/07/2026;30/12/2026;180;"SAA.COGEP.CODEP";"53/2025";"Baixo";1;31/12/2026;Serviço;929;Outros serviços de educação e treinamento;"";"";21172;"Treinamento qualificação profissional";"";3.000,0000;4,00000;12.000,0000
"100/2026";Aprovada;;" Serviço de expansão da plataforma informática que dá sustentação à solução integrada.";CONTRATACOES_TIC;250110;8.000.000,0000;03/07/2026;30/12/2026;180;"SEIDIGI.DATASUS.CGIE";"251/2025";"Baixo";1;31/12/2026;Serviço;182;SERVIÇOS DE  LICENCIAMENTO E  CONTRATOS DE TRANSFERÊNCIA DE TECNOLOGIA;"";"";27502;"CESSÃO TEMPORÁRIA DE DIREITOS SOBRE PROGRAMAS DE COMPUTADOR LOCAÇÃO DE SOFTWARE";"UN";80.000,0000;100,00000;8.000.000,0000
"2/2026";Aprovada;;"Aquisição Cone para sinalização personalizados para atender as Unidades do MS";BENS;250110;32.000,0000;02/01/2026;01/07/2026;180;"SAA.CGSA";"154/2025";"Baixo";1;01/07/2026;Material;6310;Sistema de sinalização de tráfego e trânsito;"1492";"Cone Sinalização";605726;"altura: 1,14, características adicionais: cônico, orifício para fita zebrada, base quadrada, cor: laranja com faixas refletivas brancas, material: polietileno";"UN";128,0000;250,00000;32.000,0000
"76/2026";Aprovada;;"Caderneta do Adolescente (masculina e feminina)";SERVICOS;250110;5.392.569,0000;03/07/2026;30/12/2026;180;"SAPS.DGCI.CGCRIAJ.COSAJ";"236/2025";"Médio";1;31/12/2026;Serviço;891;Serviços De Reprodução, Publicação E Impressão;"";"";17353;"Serviço gráfico - policromia";"";1,5000;3.595.046,00000;5.392.569,0000
"70/2026";Aprovada;;"Almoxarifado Virtual - AVN.";SERVICOS;250110;5.000.000,0000;04/08/2025;30/01/2026;179;"SAA.CGINFRA";"76/2025";"Médio";1;30/01/2026;Serviço;672;Serviços De Armazenagem;"";"";27685;"Serviço de Almoxarifado  Virtual de Material de Consumo e Gerenciamento de Meios Logísticos";"";5.000.000,0000;1,00000;5.000.000,0000
"12/2026";Aprovada;;"Aquisição PULVERIZADOR COSTAL MANUAL";BENS;250110;2.000.000,0000;29/08/2025;27/02/2026;182;"SVS.DEDT.CGARB";"142/2025";"Médio";1;28/02/2026;Material;3740;Equipamento para controle de pragas, doenças e geadas;"3764";"Pulverizador Costal Manual";457420;"aplicação: inseticida, capacidade tanque: 18, características adicionais: bateria recarregável. bivolt, mangueira trançada, material tanque: polietileno";"UN";1.000,0000;2.000,00000;2.000.000,0000
"20/2026";Aprovada;;"Aquisição com instalação de equipamentos de ar-condicionado do tipo split system hi-wall";BENS;250110;357.497,5000;02/01/2026;01/07/2026;180;"SAA.CGINFRA";"108/2025";"Médio";1;10/08/2026;Material;4120;Equipamento de ar condicionado;"13768";"Aparelho Ar Condicionado";440744;"capacidade refrigeração: 12.000, características adicionais 1: controle remoto/display digital/timer/selo procel, modelo: split inverter, tensão: 110/220, tipo: split";"UN";2.640,0000;15,00000;39.600,0000
"20/2026";Aprovada;;"Aquisição com instalação de equipamentos de ar-condicionado do tipo split system hi-wall";BENS;250110;357.497,5000;02/01/2026;01/07/2026;180;"SAA.CGINFRA";"108/2025";"Médio";2;10/08/2026;Material;4120;Equipamento de ar condicionado;"13768";"Aparelho Ar Condicionado";440745;"capacidade refrigeração: 18.000, características adicionais 1: controle remoto/display digital/timer/selo procel, modelo: split inverter, tensão: 110/220, tipo: split";"UN";3.200,0000;26,00000;83.200,0000
"20/2026";Aprovada;;"Aquisição com instalação de equipamentos de ar-condicionado do tipo split system hi-wall";BENS;250110;357.497,5000;02/01/2026;01/07/2026;180;"SAA.CGINFRA";"108/2025";"Médio";3;10/08/2026;Material;4120;EQUIPAMENTO DE AR CONDICIONADO;"13768";"APARELHO AR CONDICIONADO";440747;"CAPACIDADE REFRIGERAÇÃO: 24.000, CARACTERÍSTICAS ADICIONAIS 1: CONTROLE REMOTO/DISPLAY DIGITAL/TIMER/SELO PROCEL, MODELO: SPLIT INVERTER, TENSÃO: 110/220, TIPO: SPLIT";"UN";4.693,9500;50,00000;234.697,5000
"22/2026";Aprovada;;"Serviço de execução do projeto executivo da iluminação da fachada frontal ao eixo monumental, ";OBRAS_SERV_ESP_ENGENHARIA;250110;2.500.000,0000;03/04/2026;30/09/2026;180;"SAA.CGINFRA";"116/2025";"Médio";1;30/09/2026;Serviço;545;Tipos Especiais De Serviços De Construção;"";"";1627;"Manutenção / Reforma Predial";"";2.500.000,0000;1,00000;2.500.000,0000
"25/2026";Aprovada;;"Serviço de reforma do Almoxarifado Central do Ministério da Saúde, localizado no SIA ";OBRAS_SERV_ESP_ENGENHARIA;250110;70.000.000,0000;03/06/2026;30/11/2026;180;"SAA.CGINFRA";"115/2025";"Médio";1;30/11/2026;Serviço;545;Tipos Especiais De Serviços De Construção;"";"";1627;"Manutenção / Reforma Predial";"";70.000.000,0000;1,00000;70.000.000,0000
"38/2026";Aprovada;;"Serviços de Correios";SERVICOS;250110;7.750.000,2000;04/09/2025;03/03/2026;180;"SAA.CGSA";"122/2025";"Médio";1;03/03/2026;Serviço;681;SERVIÇOS POSTAL E DE CORREIO;"";"";4286;"COMUNICAÇÃO POR CORREIO";"";129.166,6700;60,00000;7.750.000,2000
"43/2026";Aprovada;;"Serviço de reforma do túnel do bloco O da Esplanada dos Ministérios";OBRAS_SERV_ESP_ENGENHARIA;250110;5.000.000,0000;03/04/2026;30/09/2026;180;"SAA.CGINFRA";"86/2025";"Médio";1;30/09/2026;Serviço;833;Serviços de engenharia;"";"";22225;"Serviço engenharia";"";5.000.000,0000;1,00000;5.000.000,0000
"46/2026";Aprovada;;"Serviço de atualização, manutenção e customização do software de transporte de arquivos e dados ";CONTRATACOES_TIC;250110;5.000.160,0000;01/10/2025;30/03/2026;180;"SEIDIGI.DATASUS.CGAPSTIC";"298/2025";"Baixo";1;31/12/2026;Serviço;182;SERVIÇOS DE  LICENCIAMENTO E  CONTRATOS DE TRANSFERÊNCIA DE TECNOLOGIA;"";"";27464;"LICENCIAMENTO DE DIREITOS PERMANENTES  DE  USO  DE  SOFTWAREPARA SERVIDOR";"";100.000,0000;12,00000;1.200.000,0000
"46/2026";Aprovada;;"Serviço de atualização, manutenção e customização do software de transporte de arquivos e dados ";CONTRATACOES_TIC;250110;5.000.160,0000;01/10/2025;30/03/2026;180;"SEIDIGI.DATASUS.CGAPSTIC";"298/2025";"Baixo";2;31/12/2026;Serviço;173;SERVIÇOS  DE  CONSULTORIA  EM  TECNOLOGIA  DA  INFORMAÇÃO  ECOMUNICAÇÃO (TIC);"";"";27332;"SERVIÇOS DE CONSULTORIA EM TECNOLOGIA DA INFORMAÇÃO E COMUNICAÇÃO (TIC)";"";377,0000;10.080,00000;3.800.160,0000
"49/2026";Aprovada;;"Serviço de contração de  vagas em ações de desenvolvimento relacionadas ao Tema Orçamento e Finanças";SERVICOS;250110;90.000,0000;03/07/2026;30/12/2026;180;"SAA.COGEP.CODEP";"106/2025";"Baixo";1;31/12/2026;Serviço;929;Outros serviços de educação e treinamento;"";"";21172;"Treinamento qualificação profissional";"";3.000,0000;30,00000;90.000,0000
"55/2026";Aprovada;;"Serviço em ações de desenvolvimento relacionadas ao Tema Governança e Gestão de Riscos";SERVICOS;250110;90.000,0000;03/07/2026;30/12/2026;180;"SAA.COGEP.CODEP";"100/2025";"Baixo";1;31/12/2026;Serviço;929;Outros serviços de educação e treinamento;"";"";21172;"Treinamento qualificação profissional";"";3.000,0000;30,00000;90.000,0000
"89/2026";Aprovada;;"Serviços funerários ";SERVICOS;250110;156.999,0000;10/04/2026;09/10/2026;182;"SESAI.CASAI.BSB";"276/2025";"Médio";1;09/10/2026;Serviço;973;SERVIÇOS FUNERÁRIOS,DE CREMAÇÃO E DE SEPULTAMENTO;"";"";4170;"SERVIÇO FUNERÁRIO DE CREMAÇÃO / SEPULTAMENTO / TRANSLADO";"";15.699,9000;10,00000;156.999,0000
"94/2026";Aprovada;;"Serviço de lavanderia CASAI-SP";SERVICOS;250110;174.946,4600;05/03/2026;01/09/2026;180;"SESAI.CASAI.SP";"256/2025";"Médio";1;01/09/2026;Serviço;971;SERVIÇOS DE LAVANDERIA,LIMPEZA E TINTURARIA;"";"";3786;"LAVANDERIA E TINTURARIA";"";174.946,4600;1,00000;174.946,4600
"96/2026";Aprovada;;"Serviço de locação de veículos com motoristas - CASAI/São Paulo";SERVICOS;250110;1.056.649,3200;03/12/2025;01/06/2026;180;"SESAI.CASAI.SP";"254/2025";"Médio";1;01/06/2026;Serviço;732;SERVIÇOS DE LEASING OU ALUGUEL RELACIONADOS A OUTROS BENS;"";"";25089;"LOCAÇÃO DE VEÍCULOS - LEVES / PESADOS / COM MOTORISTA";"";264.162,3300;4,00000;1.056.649,3200
"103/2026";Aprovada;;"Aquisição de equipamentos móveis (notebooks) e  (desktops)";BENS;250110;18.906.120,1500;03/07/2026;30/12/2026;180;"SEIDIGI.DATASUS.CGIE";"262/2025";"Alto";1;31/12/2026;Material;7010;COMPUTADORES;"6661";"MICROCOMPUTADOR";469792;"ARMAZENAMENTO HDD: SEM DISCO HDD, ARMAZENAMENTO SSD: 110 A 300, COMPONENTES ADICIONAIS: COM TECLADO E MOUSE, GABINETE: ULTRACOMPACTO, GARANTIA ON SITE: SUPERIOR A 36, MEMÓRIA RAM: SUPERIOR A 8, MONITOR: 21 A 29, NÚCLEOS POR PROCESSADOR: 4 A 8, SISTEMA OPERACIONAL: PROPRIETÁRIO";"UN";3.965,8500;4.009,00000;15.899.092,6500
"103/2026";Aprovada;;"Aquisição de equipamentos móveis (notebooks) e  (desktops)";BENS;250110;18.906.120,1500;03/07/2026;30/12/2026;180;"SEIDIGI.DATASUS.CGIE";"262/2025";"Alto";2;31/12/2026;Material;7010;COMPUTADORES;"8435";"NOTEBOOK";619309;"ALIMENTAÇÃO: BIVOLT AUTOMÁTICA, ARMAZENAMENTO HDD: SEM DISCO HDD, ARMAZENAMENTO SSD: 310 A 500, BATERIA: MINIMO DE 6 CELULAS, GARANTIA ON SITE: SUPERIOR A 36, INTERATIVIDADE DA TELA: SENSÍVEL AO TOQUE, MEMÓRIA RAM: SUPERIOR A 8, NÚCLEOS POR PROCESSADOR: SUPERIOR A 8, SISTEMA OPERACIONAL: PROPRIETÁRIO, TELA: SUPERIOR A 14";"UN";4.009,3700;750,00000;3.007.027,5000
"107/2026";Aprovada;;"Solução de microssegmentação de redes.";SERVICOS;250110;5.000.000,0000;01/01/2026;30/06/2026;180;"SEIDIGI.DATASUS.CGIE";"261/2025";"Baixo";1;30/06/2026;Serviço;182;SERVIÇOS DE  LICENCIAMENTO E  CONTRATOS DE TRANSFERÊNCIA DE TECNOLOGIA;"";"";27502;"CESSÃO TEMPORÁRIA DE DIREITOS SOBRE PROGRAMAS DE COMPUTADOR LOCAÇÃO DE SOFTWARE";"";5.000.000,0000;1,00000;5.000.000,0000
"109/2026";Aprovada;;"Serviço de plataforma de computação em nuvem e colocation.	";CONTRATACOES_TIC;250110;113.340.876,0000;01/01/2026;30/06/2026;180;"SEIDIGI.DATASUS.CGIE";"267/2025";"Médio";1;30/06/2026;Serviço;131;SERVIÇOS DE COMPUTAÇÃO EM NUVEM;"";"";26050;"INFRAESTRUTURA COMO SERVICO - IAAS";"UN";1.889.014,6000;60,00000;113.340.876,0000
"112/2026";Aprovada;;"Serviço  de Outsourcing para as unidades descentralizadas do Ministério da Saúde.	";CONTRATACOES_TIC;250110;1.601.280,0000;03/07/2026;30/12/2026;180;"SEIDIGI.DATASUS.CGIE";"270/2025";"Baixo";1;31/12/2026;Serviço;151;OUTSOURCING DE IMPRESSÃO  -  MODALIDADE FRANQUIA  MAIS EXCE-DENTE DE PÁGINAS;"";"";26573;"OUTSOURCING DE  IMPRESSÃO - PÁGINAS A4 - MONOCROMÁTICO - DENTRO DA FRANQUIA SEM PAPEL";"";33.360,0000;48,00000;1.601.280,0000
"114/2026";Aprovada;;"Serviço de operação de infraestrutura e atendimento a usuários de Tecnologia .";CONTRATACOES_TIC;250110;84.747.709,4400;28/07/2025;23/01/2026;179;"SEIDIGI.DATASUS.CGIE";"266/2025";"Alto";1;23/01/2026;Serviço;162;SERVIÇOS  DE  GERENCIAMENTO  EM TECNOLOGIA DA INFORMAÇÃO  E COMUNICAÇÃO (TIC);"";"";26980;"CENTRAL DE SERVIÇOS DE TIC";"VAL/MÊS";605.468,6800;24,00000;14.531.248,3200
"114/2026";Aprovada;;"Serviço de operação de infraestrutura e atendimento a usuários de Tecnologia .";CONTRATACOES_TIC;250110;84.747.709,4400;28/07/2025;23/01/2026;179;"SEIDIGI.DATASUS.CGIE";"266/2025";"Alto";2;23/01/2026;Serviço;162;SERVIÇOS  DE  GERENCIAMENTO  EM TECNOLOGIA DA INFORMAÇÃO  E COMUNICAÇÃO (TIC);"";"";27014;"SERVIÇOS DE GERENCIAMENTO DE INFRAESTRUTURA DE TECNOLOGIA DAINFORMAÇÃO E COMUNICAÇÃO (TIC)";"";2.925.685,8800;24,00000;70.216.461,1200
"115/2026";Aprovada;;"Serviço transferência dos equipamentos do Data Center do Rio de janeiro.";SERVICOS;250110;100.000,0000;03/07/2026;30/12/2026;180;"SEIDIGI.DATASUS.CGIE";"253/2025";"Médio";1;31/12/2026;Serviço;163;SERVIÇOS DE HOSPEDAGEM EM TECNOLOGIA DA INFORMAÇÃO E  COMUNICACÃO (TIC);"";"";;"";"";100.000,0000;1,00000;100.000,0000
"117/2026";Aprovada;;"Serviço de acesso a dados da Carteira Nacional de Habilitação por meio de API	16";CONTRATACOES_TIC;250110;1.200.000,2000;17/09/2025;16/03/2026;180;"SEIDIGI.DATASUS.CGAPSTIC";"291/2025";"Alto";1;16/03/2026;Serviço;164;SERVIÇOS DE INTEGRAÇÃO DE SISTEMAS EM TECNOLOGIA DA INFORMA-ÇÃO E COMUNICAÇÃO (TIC);"";"";27081;"SERVIÇOS DE INTEGRAÇÃO DE  SISTEMAS EM TECNOLOGIA DA INFORMAÇÃO E COMUNICAÇÃO (TIC)";"";0,7000;1.714.286,00000;1.200.000,2000
"120/2026";Aprovada;;"Serviço de  solução de infraestrutura de ativos de rede sem fio para o Ministério da Saúde";CONTRATACOES_TIC;250110;20.000.000,0000;05/01/2026;03/07/2026;179;"SEIDIGI.DATASUS.CGIE";"265/2025";"Baixo";1;04/07/2026;Serviço;168;SERVIÇOS AUXILIARES DE TECNOLOGIA DA INFORMAÇÃO  E  COMUNICAÇÃO (TIC);"";"";27260;"SERVIÇOS AUXILIARES DE TECNOLOGIA INFORMAÇÃO E COMUNICAÇÃO";"";20.000.000,0000;1,00000;20.000.000,0000
"90/2026";Aprovada;;"Aquisição de Material  e equipamentos permanentes.";BENS;250110;57.089,7000;06/08/2025;02/02/2026;180;"SESAI.CASAI.SP";"257/2025";"Médio";1;01/02/2026;Material;7310;EQUIPAMENTOS PARA COZINHAR, ASSAR E SERVIR ALIMENTOS;"1045";"FORNO MICROONDAS";473582;"CAPACIDADE: 32, POTÊNCIA: 900, VOLTAGEM: 220, CARACTERÍSTICAS ADICIONAIS: ALARME SONORO";"UN";690,9100;2,00000;1.381,8200
"90/2026";Aprovada;;"Aquisição de Material  e equipamentos permanentes.";BENS;250110;57.089,7000;06/08/2025;02/02/2026;180;"SESAI.CASAI.SP";"257/2025";"Médio";2;01/02/2026;Material;7105;MOBILIÁRIO DOMÉSTICO;"12177";"SOFÁ";460085;"ALTURA: 75, COR: PRETA, LARGURA: 2,01, MATERIAL ESTOFAMENTO: ESPUMA POLIURETANO, MATERIAL ESTRUTURA: MADEIRA, PROFUNDIDADE: 72, QUANTIDADE ASSENTOS: 3, REVESTIMENTO: COURO SINTÉTICO";"UN";2.300,0000;1,00000;2.300,0000
"90/2026";Aprovada;;"Aquisição de Material  e equipamentos permanentes.";BENS;250110;57.089,7000;06/08/2025;02/02/2026;180;"SESAI.CASAI.SP";"257/2025";"Médio";3;01/02/2026;Material;7105;MOBILIÁRIO DOMÉSTICO;"12177";"SOFÁ";381010;"ALTURA: 760, CARACTERÍSTICAS ADICIONAIS: COM BRAÇOS EM AÇO TUBULAR, COR: PRETA, LARGURA: 1300, MATERIAL ESTOFAMENTO: ESPUMA POLIURETANO INJETADO, MATERIAL ESTRUTURA: MADEIRA COMPENSADA, PROFUNDIDADE: 650, QUANTIDADE ASSENTOS: 2, REVESTIMENTO: COURO SINTÉTICO";"UN";2.000,0000;2,00000;4.000,0000
"90/2026";Aprovada;;"Aquisição de Material  e equipamentos permanentes.";BENS;250110;57.089,7000;06/08/2025;02/02/2026;180;"SESAI.CASAI.SP";"257/2025";"Médio";4;01/02/2026;Material;7125;ARMÁRIOS E ESTANTES;"15290";"ARMÁRIO";330722;"ALTURA: 77, APLICAÇÃO: BEBEDOURO PARA ÁGUA, CARACTERÍSTICAS ADICIONAIS: PRATELEIRA PARA COPOS/ESPAÇO PARA GARRAFÃO VAZIO, COR: BRANCA, LARGURA: 38, MATERIAL: MADEIRA MDF, PROFUNDIDADE: 34, QUANTIDADE PORTAS: 1, TIPO: GABINETE RACK";"UN";1.175,0000;22,00000;25.850,0000
"90/2026";Aprovada;;"Aquisição de Material  e equipamentos permanentes.";BENS;250110;57.089,7000;06/08/2025;02/02/2026;180;"SESAI.CASAI.SP";"257/2025";"Médio";5;01/02/2026;Material;7125;ARMÁRIOS E ESTANTES;"15290";"ARMÁRIO";480995;"ALTURA: 2,10, LARGURA: 0,74, MATERIAL: MADEIRA MDP E MDF, PROFUNDIDADE: 45 A 50, TIPO: ALTO COM DUAS PORTAS";"UN";1.071,8000;2,00000;2.143,6000
"90/2026";Aprovada;;"Aquisição de Material  e equipamentos permanentes.";BENS;250110;57.089,7000;06/08/2025;02/02/2026;180;"SESAI.CASAI.SP";"257/2025";"Médio";6;01/02/2026;Material;7125;ARMÁRIOS E ESTANTES;"15290";"ARMÁRIO";619364;"ACABAMENTO SUPERFICIAL: LAMINADO MELAMÍNICO, ALTURA: 65, LARGURA: 90, MATERIAL: MDF, PROFUNDIDADE: 35, QUANTIDADE PORTAS: 2, TIPO: SUSPENSO";"UN";1.309,9900;2,00000;2.619,9800
"90/2026";Aprovada;;"Aquisição de Material  e equipamentos permanentes.";BENS;250110;57.089,7000;06/08/2025;02/02/2026;180;"SESAI.CASAI.SP";"257/2025";"Médio";7;01/02/2026;Material;7125;ARMÁRIOS E ESTANTES;"15290";"ARMÁRIO";458062;"ALTURA: 1,60, LARGURA: 800, MATERIAL: MDP AGLOMERADO, PROFUNDIDADE: 500, QUANTIDADE PORTAS: 8, TIPO: GUARDA-VOLUME, TIPO PORTAS: PUXADORES E FECHADURAS INDIVIDUAIS";"UN";1.212,0000;1,00000;1.212,0000
"90/2026";Aprovada;;"Aquisição de Material  e equipamentos permanentes.";BENS;250110;57.089,7000;06/08/2025;02/02/2026;180;"SESAI.CASAI.SP";"257/2025";"Médio";8;01/02/2026;Material;7210;UTENSÍLIOS DOMÉSTICOS;"19709";"COLCHÃO";459449;"CARACTERÍSTICAS ADICIONAIS: TECIDO IMPERMEÁVEL E LAVÁVEL, DENSIDADE: D-33, MATERIAL: ESPUMA EXTRAFIRME / ALTA RESISTÊNCIA, TAMANHO ALTURA: 0,18, TAMANHO LARGURA X COMPRIMENTO: 0,78 X 1,88, TECIDO DE REVESTIMENTO: SINTÉTICO NAPA / COURINO, TIPO: ESPUMA";"UN";280,0000;40,00000;11.200,0000
"90/2026";Aprovada;;"Aquisição de Material  e equipamentos permanentes.";BENS;250110;57.089,7000;06/08/2025;02/02/2026;180;"SESAI.CASAI.SP";"258/2025";"Médio";1;30/03/2026;Material;4110;EQUIPAMENTO PARA REFRIGERAÇÃO;"3492";"BEBEDOURO ÁGUA GARRAFÃO";402920;"CAPACIDADE: 20, CARACTERÍSTICAS ADICIONAIS: BAIXO CONSUMO ENERGIA,TERMOSTATO REGULÁVEL,INMETRO, MATERIAL: PLÁSTICO ABS E CHAPA AÇO INOXIDÁVEL, TIPO: ELÉTRICO DE COLUNA, VOLTAGEM: 220";"UN";638,2300;10,00000;6.382,3000
"102/2026";Aprovada;;"Aquisição de sistema de armazenamento de dados (storage).";BENS;250110;15.500.000,0000;03/04/2026;01/10/2026;181;"SEIDIGI.DATASUS.CGIE";"280/2025";"Médio";1;31/12/2026;Serviço;162;SERVIÇOS  DE  GERENCIAMENTO  EM TECNOLOGIA DA INFORMAÇÃO  E COMUNICAÇÃO (TIC);"";"";27022;"OUTROS SERVIÇOS DE  GERENCIAMENTO DE INFRAESTRUTURA DE TECNOLOGIA DA INFORMAÇÃO E COMUNICAÇÃO (TIC)";"UN";8.000.000,0000;1,00000;8.000.000,0000
"102/2026";Aprovada;;"Aquisição de sistema de armazenamento de dados (storage).";BENS;250110;15.500.000,0000;03/04/2026;01/10/2026;181;"SEIDIGI.DATASUS.CGIE";"280/2025";"Médio";1;31/12/2026;Material;3590;EQUIPAMENTOS DIVERSOS PARA SERVIÇOS PROFISSIONAIS E  COMERCIAIS;"";"";;"";"";7.500.000,0000;1,00000;7.500.000,0000
"74/2026";Aprovada;;"Serviço de cadastramento programa Farmácia Popular do Brasil.";SERVICOS;250110;6.264.960,0000;03/07/2026;30/12/2026;180;"SECTICS.CGPO";"136/2025";"Alto";1;31/12/2026;Serviço;859;Outros Serviços De Suporte;"";"";14800;"Cadastramento Técnico de Dados";"";120,4800;52.000,00000;6.264.960,0000
"9/2026";Aprovada;;"Serviço especializados de Soluções de Inteligência Artificial (IA), para suporte à t";SERVICOS;250110;17.525.308,2100;01/10/2025;30/03/2026;180;"SEIDIGI.DEMAS";"134/2025";"Baixo";1;30/03/2026;Serviço;182;SERVIÇOS DE  LICENCIAMENTO E  CONTRATOS DE TRANSFERÊNCIA DE TECNOLOGIA;"";"";27502;"CESSÃO TEMPORÁRIA DE DIREITOS SOBRE PROGRAMAS DE COMPUTADOR LOCAÇÃO DE SOFTWARE";"";591.041,2500;8,00000;4.728.330,0000
"9/2026";Aprovada;;"Serviço especializados de Soluções de Inteligência Artificial (IA), para suporte à t";SERVICOS;250110;17.525.308,2100;01/10/2025;30/03/2026;180;"SEIDIGI.DEMAS";"134/2025";"Baixo";2;30/03/2026;Serviço;111;SERVIÇOS  DE DESENVOLVIMENTO E MANUTENÇÃO DE SOFTWARE;"";"";25917;"DESENVOLVIMENTO DE NOVO SOFTWARE - OUTRAS LINGUAGENS";"";26.060,9800;15,00000;390.914,7000
"9/2026";Aprovada;;"Serviço especializados de Soluções de Inteligência Artificial (IA), para suporte à t";SERVICOS;250110;17.525.308,2100;01/10/2025;30/03/2026;180;"SEIDIGI.DEMAS";"134/2025";"Baixo";3;30/03/2026;Serviço;111;SERVIÇOS  DE DESENVOLVIMENTO E MANUTENÇÃO DE SOFTWARE;"";"";25917;"DESENVOLVIMENTO DE NOVO SOFTWARE - OUTRAS LINGUAGENS";"";36.192,2300;12,00000;434.306,7600
"9/2026";Aprovada;;"Serviço especializados de Soluções de Inteligência Artificial (IA), para suporte à t";SERVICOS;250110;17.525.308,2100;01/10/2025;30/03/2026;180;"SEIDIGI.DEMAS";"134/2025";"Baixo";4;30/03/2026;Serviço;111;SERVIÇOS  DE DESENVOLVIMENTO E MANUTENÇÃO DE SOFTWARE;"";"";25917;"DESENVOLVIMENTO DE NOVO SOFTWARE - OUTRAS LINGUAGENS";"";11.474,8000;40,00000;458.992,0000
"9/2026";Aprovada;;"Serviço especializados de Soluções de Inteligência Artificial (IA), para suporte à t";SERVICOS;250110;17.525.308,2100;01/10/2025;30/03/2026;180;"SEIDIGI.DEMAS";"134/2025";"Baixo";5;30/03/2026;Serviço;111;SERVIÇOS  DE DESENVOLVIMENTO E MANUTENÇÃO DE SOFTWARE;"";"";25917;"DESENVOLVIMENTO DE NOVO SOFTWARE - OUTRAS LINGUAGENS";"";145.862,2200;55,00000;8.022.422,1000
"9/2026";Aprovada;;"Serviço especializados de Soluções de Inteligência Artificial (IA), para suporte à t";SERVICOS;250110;17.525.308,2100;01/10/2025;30/03/2026;180;"SEIDIGI.DEMAS";"134/2025";"Baixo";6;30/03/2026;Serviço;111;SERVIÇOS  DE DESENVOLVIMENTO E MANUTENÇÃO DE SOFTWARE;"";"";25917;"DESENVOLVIMENTO DE NOVO SOFTWARE - OUTRAS LINGUAGENS";"";73.043,1800;35,00000;2.556.511,3000
"9/2026";Aprovada;;"Serviço especializados de Soluções de Inteligência Artificial (IA), para suporte à t";SERVICOS;250110;17.525.308,2100;01/10/2025;30/03/2026;180;"SEIDIGI.DEMAS";"134/2025";"Baixo";7;30/03/2026;Serviço;111;SERVIÇOS  DE DESENVOLVIMENTO E MANUTENÇÃO DE SOFTWARE;"";"";25917;"DESENVOLVIMENTO DE NOVO SOFTWARE - OUTRAS LINGUAGENS";"";25.369,4900;35,00000;887.932,1500
"9/2026";Aprovada;;"Serviço especializados de Soluções de Inteligência Artificial (IA), para suporte à t";SERVICOS;250110;17.525.308,2100;01/10/2025;30/03/2026;180;"SEIDIGI.DEMAS";"134/2025";"Baixo";8;30/03/2026;Serviço;111;SERVIÇOS  DE DESENVOLVIMENTO E MANUTENÇÃO DE SOFTWARE;"";"";25917;"DESENVOLVIMENTO DE NOVO SOFTWARE - OUTRAS LINGUAGENS";"";5.737,4000;8,00000;45.899,2000
"75/2026";Aprovada;;"Licença software elaboração de orçamento de obras e serviços de engenharia.";CONTRATACOES_TIC;250110;40.000,0000;01/01/2026;30/06/2026;180;"SAA.CGINFRA";"117/2025";"Médio";1;30/06/2026;Serviço;182;Serviços de  licenciamento e  contratos de transferência de tecnologia;"";"";27464;"Licenciamento de direitos permanentes  de  uso  de  softwarepara servidor";"";8.000,0000;5,00000;40.000,0000
